datetime,choke,psig,apsig,oil,gas,water
15/5/2021,,,,,,
21:00:00,38,935,320,698.88,4.98,23.616
21:15:00,38,935,321,822.4559999999999,4.988,32.592
21:30:00,38,940,318,661.3679999999999,5.07,26.208000000000002
21:45:00,38,938,317,737.664,5.061,29.232
22:00:00,38,940,319,661.3679999999999,5.078,26.208000000000002
22:15:00,38,942,319,712.248,5.078,28.223999999999997
22:30:00,38,940,316,771.5999999999999,5.074,30.576
22:45:00,38,942,318,678.312,5.091,26.880000000000003
23:00:00,38,940,318,747.36,5.091,28.223999999999997
23:15:00,38,945,320,693.96,5.086,26.208000000000002
23:30:00,38,942,321,800.712,5.094,30.240000000000002
23:45:00,38,944,322,782.928,5.165,29.567999999999998
1900-01-01 00:00:00,38,945,324,720.648,5.182,27.215999999999998
16/5/2021,,,,,,
00:15:00,38,935,314,720.672,5.037,27.215999999999998
00:30:00,38,940,315,710.136,5.045,18.96
00:45:00,38,936,313,746.088,5.028,19.919999999999998
01:00:00,38,938,314,809.0160000000001,5.037,21.6
01:15:00,38,939,313,719.1120000000001,5.028,19.200000000000003
01:30:00,38,943,316,715.4399999999999,5.053,23.04
01:45:00,38,935,314,719.1120000000001,4.974,19.200000000000003
02:00:00,38,925,310,737.856,4.962,19.68
02:15:00,38,911,312,773.064,4.979,20.64
02:30:00,38,937,322,777.0239999999999,5.186,16.512
02:45:00,38,934,319,731.856,5.202,15.552
03:00:00,38,932,318,777.0239999999999,5.194,16.512
03:15:00,38,931,315,786.048,5.189,16.704
03:30:00,38,928,317,786.048,5.206,16.704
03:45:00,38,927,319,786.048,5.182,16.704
04:00:00,38,928,317,795.096,5.175,16.896
04:15:00,38,932,319,812.328,5.192,8.544
04:30:00,38,930,317,775.8240000000001,5.216,8.16
04:45:00,38,931,320,813.1679999999999,5.242,17.28
05:00:00,38,930,319,795.096,5.233,16.896
05:15:00,38,934,321,822.192,5.25,17.472
05:30:00,38,935,323,777.0239999999999,5.267,16.512
05:45:00,38,920,320,809.0160000000001,5.242,21.6
06:00:00,38,934,324,769.104,5.275,24.768
06:15:00,38,932,321,795.9119999999999,5.25,25.632
06:30:00,38,924,324,722.808,5.275,15.36
06:45:00,38,924,323,885.072,5.267,38.400000000000006
07:00:00,38,925,320,804.864,5.242,25.92
07:15:00,38,920,319,769.104,5.233,24.768
07:30:00,38,935,324,813.816,5.275,26.208000000000002
07:45:00,38,930,326,893.376,5.292,28.799999999999997
08:00:00,38,923,324,661.7760000000001,5.296,21.312
08:15:00,38,925,324,786.9839999999999,5.296,25.344
08:30:00,38,930,325,786.9119999999999,5.304,34.176
08:45:00,38,930,320,743.472,5.262,32.256
09:00:00,38,925,317,804.864,5.236,25.92
09:15:00,38,923,315,795.9119999999999,5.219,25.632
09:30:00,38,935,318,831.96,5.245,36.096000000000004
09:45:00,38,955,316,804.864,5.207,25.92
10:00:00,38,945,318,740.88,5.224,15.744
10:15:00,38,935,320,794.0880000000001,5.241,8.352
10:30:00,38,930,317,786.048,5.205,16.704
10:45:00,38,935,318,769.104,5.213,24.768
11:00:00,38,945,319,769.104,5.222,24.768
11:15:00,38,940,318,795.9119999999999,5.213,25.632
11:30:00,38,930,317,760.1519999999999,5.205,24.48
11:45:00,38,925,315,786.9839999999999,5.148,25.344
12:00:00,38,932,317,724.3679999999999,5.165,23.328
12:30:00,38,935,318,778.8720000000001,5.173,33.792
12:45:00,38,925,315,758.952,5.148,16.128
13:00:00,38,923,312,767.976,5.122,16.32
13:15:00,38,930,317,760.1519999999999,5.205,24.48
13:30:00,38,927,313,733.3199999999999,5.171,23.616
13:45:00,38,919,319,740.88,5.222,15.744
14:00:00,38,923,318,731.856,5.213,15.552
14:15:00,38,920,312,684.552,5.122,7.199999999999999
14:30:00,38,910,313,684.552,4.797,7.199999999999999
14:45:00,38,935,317,713.784,5.165,15.168
15:00:00,38,920,315,731.856,5.148,15.552
15:15:00,38,850,310,685.248,4.793,7.199999999999999
15:30:00,38,835,304,648.72,4.745,6.815999999999999
15:45:00,38,844,309,703.5360000000001,4.891,7.3919999999999995
16:00:00,38,847,307,703.5360000000001,4.875,7.3919999999999995
16:15:00,38,862,309,723.552,4.891,15.36
16:30:00,38,850,305,696.432,4.858,14.783999999999999
16:45:00,38,845,307,696.432,4.769,14.783999999999999
17:00:00,38,840,308,660.24,4.777,14.015999999999998
17:15:00,38,850,310,687.384,4.899,14.591999999999999
17:30:00,38,855,312,760.1519999999999,4.915,24.48
17:45:00,38,845,308,660.24,4.883,14.015999999999998
18:00:00,38,847,307,678.336,4.833,14.399999999999999
18:15:00,38,850,309,696.432,4.806,14.783999999999999
18:30:00,38,840,306,694.392,4.929,7.295999999999999
18:45:00,38,858,312,748.4399999999999,5.183,7.872
19:00:00,38,860,313,722.808,5.172,15.36
19:15:00,38,862,314,731.856,5.18,15.552
19:30:00,38,862,313,686.664,5.172,14.591999999999999
19:45:00,38,860,312,722.808,5.163,15.36
20:00:00,38,862,317,769.104,5.206,24.768
20:15:00,38,860,316,722.808,5.197,15.36
20:30:00,38,862,318,704.736,5.173,14.975999999999999
20:45:00,38,858,314,702.792,5.14,7.3919999999999995
21:00:00,38,859,316,730.6800000000001,5.156,8.064
21:15:00,38,862,314,713.28,5.18,7.872
21:30:00,38,868,315,697.4639999999999,5.189,15.552
21:45:00,38,863,314,671.64,5.18,14.975999999999999
22:00:00,38,865,315,706.08,5.189,15.744
22:15:00,38,879,319,723.312,5.12,16.128
22:30:00,38,901,319,713.28,5.12,7.872
22:45:00,38,897,315,730.1759999999999,5.168,7.68
23:00:00,38,894,316,739.344,5.197,7.776
23:15:00,38,892,315,758.952,5.148,16.128
23:30:00,38,890,317,740.88,5.165,15.744
23:45:00,38,891,319,775.8240000000001,5.182,8.16
1900-01-01 00:00:00,38,892,320,739.3199999999999,5.19,7.776
17/5/2021,,,,,,
00:15:00,38,901,320,748.4639999999999,5.19,7.872
00:30:00,38,903,321,757.5600000000001,5.198,7.968
00:45:00,38,908,318,757.5600000000001,5.173,7.968
01:00:00,38,907,315,740.88,5.148,15.744
01:15:00,38,911,317,749.904,5.165,15.936
01:30:00,38,905,312,777.0239999999999,5.163,16.512
01:45:00,38,912,311,712.656,5.175,7.4879999999999995
02:00:00,38,910,309,759.7439999999999,5.157,16.128
02:15:00,38,912,313,740.88,5.192,15.744
02:30:00,38,909,312,757.5600000000001,5.183,7.968
02:45:00,38,912,314,784.9440000000001,5.2,8.256
03:00:00,38,913,316,748.4399999999999,5.207,7.872
03:15:00,38,912,315,775.8240000000001,5.198,8.16
03:30:00,38,915,317,757.5600000000001,5.215,7.968
03:45:00,38,913,316,767.976,5.187,16.32
04:00:00,38,916,317,757.5600000000001,5.195,7.968
04:15:00,38,917,318,777.0239999999999,5.224,16.512
04:30:00,38,915,317,777.0239999999999,5.215,16.512
04:45:00,38,917,315,758.952,5.198,16.128
05:00:00,38,920,319,795.9119999999999,5.232,25.632
05:15:00,38,925,324,767.976,5.315,16.32
05:30:00,38,921,322,784.9440000000001,5.338,8.256
05:45:00,38,920,320,757.5600000000001,5.321,7.968
06:00:00,38,923,322,775.8240000000001,5.338,8.16
06:15:00,38,927,323,786.048,5.347,16.704
06:30:00,38,920,320,777.0239999999999,5.321,16.512
06:45:00,38,893,305,687.384,4.952,14.591999999999999
07:00:00,38,855,311,657.84,5.002,6.911999999999999
07:15:00,38,850,304,721.8,4.944,7.584
07:30:00,38,857,309,694.392,4.985,7.295999999999999
07:45:00,38,835,304,676.128,4.903,7.103999999999999
08:00:00,38,911,314,666.288,4.985,7.007999999999999
08:15:00,38,899,316,749.904,5.043,15.936
08:30:00,38,925,318,722.808,5.059,15.36
08:45:00,38,910,309,714.504,4.985,15.168
09:00:00,38,919,312,668.592,5.114,14.207999999999998
09:15:00,38,879,316,610.7040000000001,4.938,26.496000000000002
09:30:00,38,864,306,694.392,4.751,7.295999999999999
09:45:00,38,899,312,704.736,4.906,14.975999999999999
10:00:00,38,915,315,668.592,5.035,14.207999999999998
10:15:00,38,920,316,724.3679999999999,5.085,23.328
10:30:00,38,890,312,713.784,5.01,15.168
10:45:00,38,850,309,621.288,4.881,6.5280000000000005
11:00:00,38,910,314,659.568,4.922,14.015999999999998
11:15:00,38,920,315,697.5600000000001,5.035,22.464000000000002
11:30:00,38,925,317,706.488,5.093,22.752
11:45:00,38,930,317,725.76,5.134,31.488
12:00:00,38,915,315,652.8240000000001,5.117,21.024
12:15:00,38,883,310,698.28,4.993,22.464000000000002
12:30:00,38,870,313,684.552,4.914,7.199999999999999
12:45:00,38,880,313,702.792,4.914,7.3919999999999995
13:00:00,38,900,315,675.432,4.93,7.103999999999999
13:15:00,38,873,311,705.4559999999999,4.897,14.975999999999999
13:30:00,38,880,312,675.432,4.906,7.103999999999999
13:45:00,38,893,313,661.7760000000001,4.914,21.312
14:00:00,38,890,313,670.728,4.924,21.6
14:15:00,38,895,314,661.7760000000001,4.932,21.312
14:30:00,38,890,313,734.616,4.924,31.872
14:45:00,38,870,307,660.24,4.886,14.015999999999998
15:00:00,38,865,309,662.448,4.902,21.312
15:15:00,38,864,311,676.128,4.919,7.103999999999999
15:30:00,38,851,307,685.248,4.886,7.199999999999999
15:45:00,38,869,311,676.128,4.919,7.103999999999999
16:00:00,38,860,312,704.736,4.927,14.975999999999999
16:15:00,38,850,310,687.384,4.92,14.591999999999999
16:30:00,38,855,311,687.384,4.928,14.591999999999999
16:45:00,38,845,310,698.28,4.92,22.464000000000002
17:00:00,38,855,312,677.64,4.937,14.399999999999999
17:15:00,38,863,309,698.28,4.995,22.464000000000002
17:30:00,38,843,308,707.232,5.069,22.752
17:45:00,38,850,310,642.168,5.085,13.631999999999998
18:00:00,38,853,312,677.64,5.102,14.399999999999999
18:15:00,38,852,309,698.28,5.077,22.464000000000002
18:30:00,38,850,311,716.184,5.074,23.04
18:45:00,38,856,313,706.488,5.09,22.752
19:00:00,38,854,312,670.728,5.082,21.6
19:15:00,38,851,313,758.952,5.028,16.128
19:30:00,38,853,314,686.664,5.037,14.591999999999999
19:45:00,38,859,317,722.808,5.124,15.36
20:00:00,38,856,315,731.856,5.107,15.552
20:15:00,38,850,314,704.736,5.099,14.975999999999999
20:30:00,38,860,318,715.4399999999999,5.132,23.04
20:45:00,38,858,320,720.648,5.169,27.215999999999998
21:00:00,38,862,318,702.84,5.142,26.544000000000004
21:15:00,38,868,317,728.1120000000001,5.134,19.44
21:30:00,38,866,316,786.9839999999999,5.126,25.344
21:45:00,38,864,317,695.712,5.134,14.783999999999999
22:00:00,38,871,315,724.3679999999999,5.117,23.328
22:15:00,38,865,309,723.552,5.067,15.36
22:30:00,38,867,312,740.88,5.092,15.744
22:45:00,38,869,315,704.736,5.117,14.975999999999999
23:00:00,38,866,311,759.7439999999999,5.114,16.128
23:15:00,38,868,312,702.792,5.102,7.3919999999999995
23:30:00,38,867,313,731.856,5.111,15.552
23:45:00,38,870,316,777.0239999999999,5.136,16.512
1900-01-01 00:00:00,38,868,314,739.3199999999999,5.119,7.776
18/5/2021,,,,,,
00:15:00,38,871,316,749.928,5.156,15.936
00:30:00,38,872,316,758.952,5.136,16.128
00:45:00,38,874,318,722.808,5.153,15.36
01:00:00,38,869,315,702.792,5.128,7.3919999999999995
01:15:00,38,871,316,739.3199999999999,5.136,7.776
01:30:00,38,867,314,767.976,5.119,16.32
01:45:00,38,865,315,704.736,5.128,14.975999999999999
02:00:00,38,868,317,731.856,5.144,15.552
02:15:00,38,865,314,728.1120000000001,5.119,19.44
02:30:00,38,874,319,742.272,5.161,23.904
02:45:00,38,875,316,724.3679999999999,5.136,23.328
03:00:00,38,877,315,751.2,5.128,24.192
03:15:00,38,865,314,742.272,5.119,23.904
03:30:00,38,867,315,760.1519999999999,5.128,24.48
03:45:00,38,862,314,749.904,5.119,15.936
04:00:00,38,865,317,731.856,5.185,15.552
04:15:00,38,865,316,731.856,5.197,15.552
04:30:00,38,863,314,751.2,5.18,24.192
04:45:00,38,866,316,740.88,5.197,15.744
05:00:00,38,871,317,742.272,5.266,23.904
05:15:00,38,869,319,713.784,5.363,15.168
05:30:00,38,876,321,733.3199999999999,5.38,23.616
05:45:00,38,875,321,724.3679999999999,5.38,23.328
06:00:00,38,872,319,760.1519999999999,5.363,24.48
06:15:00,38,871,319,751.2,5.363,24.192
06:30:00,38,875,319,760.1519999999999,5.363,24.48
06:45:00,38,870,320,742.272,5.372,23.904
07:00:00,38,876,315,795.096,5.348,16.896
07:15:00,38,910,320,713.784,5.391,15.168
07:30:00,38,900,318,722.808,5.363,15.36
07:45:00,38,900,317,730.1759999999999,5.354,7.68
08:00:00,38,895,318,740.88,5.363,15.744
08:15:00,38,897,318,758.952,5.363,16.128
08:30:00,38,905,319,769.104,5.372,24.768
08:45:00,38,900,318,724.3679999999999,5.363,23.328
09:00:00,38,899,318,704.736,5.363,14.975999999999999
09:15:00,38,910,320,731.856,5.409,15.552
09:30:00,38,915,319,751.2,5.4,24.192
09:45:00,38,917,320,769.104,5.409,24.768
10:00:00,38,921,321,751.2,5.418,24.192
10:15:00,38,910,320,767.976,5.409,16.32
10:30:00,38,890,317,758.952,5.383,16.128
10:45:00,38,1050,325,722.064,6.066,15.36
11:00:00,38,1060,330,765.912,6.09,8.064
11:15:00,38,1063,336,820.608,6.147,8.64
11:30:00,38,1065,332,820.608,6.167,8.64
11:45:00,38,1062,325,804.0239999999999,6.099,25.92
12:00:00,38,1050,327,839.952,6.118,36.480000000000004
12:15:00,38,1045,327,831.192,6.118,45.599999999999994
12:30:00,38,1055,323,858.336,6.08,47.04
12:45:00,38,1045,324,858.528,6.077,27.647999999999996
13:00:00,38,1052,325,822.2640000000001,6.087,35.712
13:15:00,38,1057,327,822.2640000000001,6.106,35.712
13:30:00,38,1053,329,821.904,6.126,26.496000000000002
13:45:00,38,1048,328,830.8320000000001,6.116,26.784000000000002
14:00:00,38,1045,328,857.4479999999999,6.116,47.04
14:15:00,38,1050,327,839.952,6.118,36.480000000000004
14:30:00,38,1053,330,839.952,6.147,36.480000000000004
14:45:00,38,1049,331,857.64,6.157,27.647999999999996
15:00:00,38,1045,329,857.64,6.138,27.647999999999996
15:15:00,38,1053,330,848.712,6.147,27.36
15:30:00,38,1047,325,839.952,6.099,36.480000000000004
15:45:00,38,1053,329,848.784,6.138,36.864000000000004
16:00:00,38,1054,327,839.952,6.118,36.480000000000004
16:15:00,38,1044,329,831.1200000000001,6.138,36.096000000000004
16:30:00,38,1051,326,857.64,6.109,27.647999999999996
16:45:00,38,1050,330,866.568,6.147,27.936
17:00:00,38,1044,327,857.64,6.118,27.647999999999996
17:15:00,38,1045,326,848.712,6.109,27.36
17:30:00,38,1045,322,858.528,6.07,27.647999999999996
17:45:00,38,1054,325,857.64,6.099,27.647999999999996
18:00:00,38,1040,325,822.2640000000001,6.099,35.712
18:15:00,38,1042,326,804.576,6.109,34.944
18:30:00,38,1043,326,822.2640000000001,6.128,35.712
18:45:00,38,1040,325,839.952,6.099,46.08
19:00:00,38,1045,328,857.4479999999999,6.128,47.04
19:15:00,38,1043,325,874.9440000000001,6.099,48
19:30:00,38,1040,323,804.864,6.08,25.92
19:45:00,38,1042,325,848.712,6.099,27.36
20:00:00,38,1045,328,857.64,6.128,27.647999999999996
20:15:00,38,1046,329,888.7679999999999,6.138,33.599999999999994
20:30:00,38,1045,328,848.712,6.128,27.36
20:45:00,38,1049,330,821.904,6.147,26.496000000000002
21:00:00,38,1047,328,821.904,6.128,26.496000000000002
21:15:00,38,1045,326,875.496,6.109,28.223999999999997
21:30:00,38,1047,327,830.376,6.118,17.664
21:45:00,38,1050,325,857.4479999999999,6.099,18.240000000000002
22:00:00,38,1049,324,885.072,6.089,38.400000000000006
22:15:00,38,1050,324,858.336,6.089,18.240000000000002
22:30:00,38,1049,322,831.24,6.07,17.664
22:45:00,38,1053,326,875.328,6.109,9.216000000000001
23:00:00,38,1055,328,857.1120000000001,6.128,9.024000000000001
23:15:00,38,1056,329,884.52,6.138,18.816000000000003
23:30:00,38,1054,327,820.608,6.119,8.64
23:45:00,38,1051,325,812.328,6.099,17.28
1900-01-01 00:00:00,38,1054,329,830.376,6.138,17.664
19/5/2021,,,,,,
1900-01-01 00:15:00,38,1049,328,875.52,6.128,28.223999999999997
1900-01-01 00:30:00,38,1051,329,844.104,6.138,22.56
1900-01-01 00:45:00,38,1049,328,808.1759999999999,6.128,21.6
1900-01-01 01:00:00,38,1050,329,830.8320000000001,6.15,26.784000000000002
1900-01-01 01:15:00,38,1048,327,857.64,6.119,27.647999999999996
1900-01-01 01:30:00,38,1052,330,848.424,6.147,18.048000000000002
1900-01-01 01:45:00,38,1047,326,821.352,6.097,17.472
1900-01-01 02:00:00,38,1049,327,857.4479999999999,6.106,18.240000000000002
1900-01-01 02:15:00,38,1051,325,830.376,6.087,17.664
1900-01-01 02:30:00,38,1048,326,812.328,6.097,17.28
1900-01-01 02:45:00,38,1053,328,857.64,6.116,27.647999999999996
1900-01-01 03:00:00,38,1051,325,821.352,6.087,17.472
1900-01-01 03:15:00,38,1051,327,830.376,6.106,17.664
1900-01-01 03:30:00,38,1049,328,848.424,6.116,18.048000000000002
1900-01-01 03:45:00,38,1051,330,839.76,6.135,27.071999999999996
1900-01-01 04:00:00,38,1055,332,857.64,6.154,27.647999999999996
1900-01-01 04:15:00,38,1052,330,830.8320000000001,6.135,26.784000000000002
1900-01-01 04:30:00,38,1050,329,804.0239999999999,6.126,25.92
1900-01-01 04:45:00,38,1052,330,831.1200000000001,6.135,36.096000000000004
1900-01-01 05:00:00,38,1055,332,839.76,6.154,27.071999999999996
1900-01-01 05:15:00,38,1053,330,821.352,6.135,17.472
1900-01-01 05:30:00,38,1048,329,866.472,6.126,18.432000000000002
1900-01-01 05:45:00,38,1050,330,812.328,6.135,17.28
1900-01-01 06:00:00,38,1052,330,830.376,6.135,17.664
06:15:00,38,1051,329,848.424,6.126,18.048000000000002
06:30:00,38,1045,327,857.64,6.106,27.647999999999996
06:45:00,38,1050,328,848.712,6.128,27.36
07:00:00,38,1044,325,848.712,6.099,27.36
07:15:00,38,1045,326,823.368,6.109,27.071999999999996
07:30:00,38,1045,325,806.1600000000001,6.099,17.472
07:45:00,38,1040,324,797.3039999999999,6.089,17.28
08:00:00,38,1055,327,832.1279999999999,6.179,27.36
08:15:00,38,1043,330,840.8879999999999,6.208,27.647999999999996
08:30:00,38,1048,335,796.248,6.256,26.208000000000002
08:45:00,38,1051,331,796.4639999999999,6.218,17.28
09:00:00,38,1045,328,796.4639999999999,6.189,17.28
09:15:00,38,1040,327,893.4479999999999,6.179,29.375999999999998
09:30:00,38,1043,327,814.1759999999999,6.179,17.664
09:45:00,38,1047,328,832.1279999999999,6.189,27.36
10:00:00,38,1040,326,778.776,6.169,16.896
10:15:00,38,1045,327,805.3199999999999,6.239,17.472
10:30:00,38,1045,328,849.648,6.249,27.936
10:45:00,38,1050,327,849.648,6.239,27.936
11:00:00,38,1045,326,761.064,6.217,16.512
11:00:00,38,1045,326,761.064,6.217,16.512
11:15:00,38,1045,327,814.1759999999999,6.226,17.664
11:30:00,38,1040,327,823.008,6.226,17.856
11:45:00,38,1037,328,814.1759999999999,6.236,17.664
12:00:00,38,1042,327,823.008,6.226,17.856
12:15:00,38,1047,327,823.008,6.197,26.496000000000002
12:30:00,38,1049,324,806.712,6.236,26.784000000000002
12:45:00,38,1045,328,814.608,6.226,26.784000000000002
13:00:00,38,1043,327,814.608,6.368,17.472
13:00:00,38,1043,327,805.3199999999999,6.368,17.472
13:15:00,38,1045,326,805.3199999999999,6.217,17.472
13:30:00,38,1047,326,814.1759999999999,6.217,17.664
13:45:00,38,1047,325,797.3039999999999,6.207,17.28
14:00:00,38,1050,326,823.368,6.217,27.071999999999996
14:15:00,38,1055,327,805.848,6.226,26.496000000000002
14:30:00,38,1050,325,815.0160000000001,6.207,17.664
14:45:00,38,1055,328,805.3199999999999,6.236,17.472
15:00:00,38,1047,327,814.1759999999999,6.226,17.664
15:15:00,38,1045,326,805.848,6.246,26.496000000000002
15:30:00,38,1047,327,805.848,6.256,26.496000000000002
15:45:00,38,1050,327,805.848,6.268,26.496000000000002
16:00:00,38,1053,326,814.608,6.259,26.784000000000002
16:15:00,38,1049,320,823.8720000000001,6.199,17.856
16:30:00,38,1055,325,823.8720000000001,6.249,17.856
16:45:00,38,1045,330,885.048,6.298,9.504000000000001
17:00:00,38,1045,328,822.48,6.278,8.832
17:15:00,38,1051,334,804.4559999999999,6.337,17.472
17:30:00,38,1047,327,796.4639999999999,6.268,17.28
17:45:00,38,1050,329,867.2640000000001,6.288,18.816000000000003
18:00:00,38,1056,329,796.4639999999999,6.288,17.28
18:15:00,38,1054,327,795.648,6.268,8.544
18:30:00,38,1050,325,797.3039999999999,6.249,17.28
18:45:00,38,1054,327,823.368,6.268,27.071999999999996
19:00:00,38,1055,326,805.848,6.259,26.496000000000002
19:15:00,38,1054,324,806.712,6.239,26.496000000000002
19:30:00,38,1051,322,797.3039999999999,6.219,17.28
19:45:00,38,1055,323,832.296,6.229,8.928
20:00:00,38,1052,321,823.3439999999999,6.209,8.832
20:15:00,38,1054,323,814.392,6.229,8.736
20:30:00,38,1056,328,848.712,6.278,27.36
20:45:00,38,1055,327,821.904,6.256,26.496000000000002
21:00:00,38,1052,325,815.0160000000001,6.236,17.664
21:15:00,38,1053,327,796.4639999999999,6.256,17.28
21:30:00,38,1055,325,815.0160000000001,6.236,17.664
21:45:00,38,1055,326,804.5999999999999,6.246,8.64
22:00:00,38,1053,325,815.0160000000001,6.236,17.664
22:15:00,38,1055,327,805.3199999999999,6.256,17.472
22:30:00,38,1051,324,833.0160000000001,6.226,27.36
22:45:00,38,1048,329,823.368,6.246,27.071999999999996
23:00:00,38,1051,332,830.4000000000001,6.305,17.664
23:15:00,38,1053,331,787.608,6.295,17.088
23:30:00,38,1050,329,805.3199999999999,6.276,17.472
23:45:00,38,1055,332,805.3199999999999,6.305,17.472
1900-01-01 00:00:00,38,1053,332,814.608,6.305,26.784000000000002
20/5/2021,,,,,,
00:15:00,38,1053,330,786.7439999999999,6.285,8.448
00:30:00,38,1053,332,814.1759999999999,6.318,17.664
00:45:00,38,1055,330,796.4639999999999,6.298,17.28
01:00:00,38,1054,329,805.3199999999999,6.288,17.472
01:15:00,38,1053,331,814.608,6.308,26.784000000000002
01:30:00,38,1050,330,796.4639999999999,6.298,17.28
01:45:00,38,1054,333,796.4639999999999,6.315,17.28
02:00:00,38,1051,332,805.3199999999999,6.305,17.472
02:15:00,38,1048,331,796.4639999999999,6.295,17.28
02:30:00,38,1049,332,778.776,6.305,16.896
02:45:00,38,1051,332,814.1759999999999,6.305,17.664
03:00:00,38,1052,330,796.4639999999999,6.298,17.28
03:15:00,38,1052,331,805.3199999999999,6.308,17.472
03:30:00,38,1051,329,796.4639999999999,6.276,17.28
03:45:00,38,1054,332,787.608,6.305,17.088
04:00:00,38,1052,331,796.4639999999999,6.295,17.28
04:15:00,38,1050,329,796.4639999999999,6.276,17.28
04:30:00,38,1052,330,797.0880000000001,6.285,26.208000000000002
04:45:00,38,1050,329,797.0880000000001,6.276,26.208000000000002
05:00:00,38,1053,332,796.4639999999999,6.305,17.28
05:15:00,38,1048,329,796.4639999999999,6.276,17.28
05:30:00,38,1046,327,796.4639999999999,6.256,17.28
05:45:00,38,1045,325,805.44,6.236,8.64
06:00:00,38,1048,326,796.4639999999999,6.246,17.28
06:15:00,38,1052,331,796.4639999999999,6.295,17.664
06:30:00,38,1045,330,796.4639999999999,6.285,17.088
06:45:00,38,1048,329,805.44,6.276,25.92
07:00:00,38,1050,327,796.4639999999999,6.256,17.28
07:15:00,38,1050,328,787.608,6.266,17.088
07:30:00,38,1053,330,796.4639999999999,6.285,17.28
07:45:00,38,1046,327,770.8320000000001,6.256,25.344
08:00:00,38,1051,331,779.568,6.295,25.632
08:15:00,38,1053,327,787.608,6.256,17.088
08:30:00,38,1045,326,787.608,6.246,17.088
08:45:00,38,1047,328,788.328,6.266,25.92
09:00:00,38,1050,327,787.608,6.256,17.088
09:15:00,38,1053,327,788.328,6.256,25.92
09:30:00,38,1055,326,787.608,6.246,17.088
09:45:00,38,1050,325,788.4479999999999,6.236,17.088
10:00:00,38,1048,326,787.608,6.246,17.088
10:15:00,38,1045,325,788.4479999999999,6.236,17.088
10:30:00,38,1047,326,787.608,6.246,17.088
10:45:00,38,1050,327,787.608,6.256,17.088
11:00:00,38,1053,327,787.608,6.256,17.088
10:15:00,38,1045,325,788.4479999999999,6.236,17.088
10:30:00,38,1047,326,787.608,6.246,17.088
10:45:00,38,1050,327,787.608,6.256,17.088
11:00:00,38,1053,327,787.608,6.256,17.088
11:15:00,38,1050,326,787.608,6.246,17.088
11:30:00,38,1053,327,778.776,6.256,16.896
11:45:00,38,1048,325,779.5919999999999,6.236,16.896
12:00:00,38,1047,326,787.608,6.246,17.088
11:15:00,38,1044,327,778.776,6.256,16.896
11:30:00,38,1048,329,778.776,6.276,16.896
11:45:00,38,1050,330,787.608,6.285,17.088
12:00:00,38,1044,327,796.4639999999999,6.256,17.28
13:15:00,38,1045,326,778.776,6.246,16.896
13:30:00,38,1047,328,779.568,6.266,25.632
13:45:00,38,1043,327,778.776,6.256,16.896
14:00:00,38,1048,328,787.608,6.266,17.088
14:15:00,38,1050,329,779.568,6.276,25.632
14:30:00,38,1049,328,787.608,6.266,17.088
14:45:00,38,1047,328,787.608,6.266,17.088
15:00:00,38,1045,327,779.568,6.256,25.632
15:15:00,38,1048,325,771.624,6.236,25.344
15:30:00,38,1050,328,778.776,6.266,16.896
15:45:00,38,1047,327,769.92,6.256,16.704
16:00:00,38,1045,325,770.7359999999999,6.236,16.704
16:15:00,38,1047,325,779.5919999999999,6.236,16.896
16:30:00,38,1048,326,779.568,6.246,25.632
16:45:00,38,1045,324,789.1679999999999,6.256,25.92
17:00:00,38,1043,325,788.4479999999999,6.266,17.088
17:15:00,38,1045,325,771.624,6.266,25.344
17:30:00,38,1050,327,778.776,6.285,16.896
17:45:00,38,1040,326,779.568,6.276,25.632
18:00:00,38,1043,327,778.776,6.285,16.896
18:15:00,38,1045,325,762.864,6.266,25.056
18:30:00,38,1042,327,778.776,6.285,16.896
18:45:00,38,1044,323,779.5919999999999,6.246,16.896
19:00:00,38,1043,326,762.072,6.276,25.056
19:15:00,38,1047,330,787.608,6.315,17.088
19:30:00,38,1050,332,787.608,6.335,17.088
19:45:00,38,1048,329,787.608,6.305,17.088
20:00:00,38,1052,333,796.4639999999999,6.345,17.28
20:15:00,38,1051,330,787.608,6.303,17.088
20:30:00,38,1053,331,777.7679999999999,6.312,8.352
20:45:00,38,1049,327,769.92,6.273,16.704
21:00:00,38,1052,330,787.608,6.273,17.088
21:15:00,38,1055,331,796.4639999999999,6.325,17.28
21:30:00,38,1053,328,787.608,6.295,17.088
21:45:00,38,1056,329,787.608,6.305,17.088
22:00:00,38,1052,332,796.4639999999999,6.335,17.28
22:15:00,38,1054,335,752.52,6.364,24.768
22:30:00,38,1050,334,742.584,6.354,16.128
22:45:00,38,1048,331,796.4639999999999,6.325,17.28
23:00:00,38,1051,333,814.1999999999999,6.345,17.664
23:15:00,38,1054,331,796.4639999999999,6.325,17.28
23:30:00,38,1051,329,735.792,6.305,24.192
23:45:00,38,1049,328,743.376,6.295,16.128
1900-01-01 00:00:00,38,1050,331,805.848,6.325,26.496000000000002
21/5/2021,,,,,,
00:15:00,38,1054,330,769.9440000000001,6.315,16.704
00:30:00,38,1052,334,777.936,6.355,16.896
00:45:00,38,1054,332,787.608,6.335,17.088
01:00:00,38,1051,331,769.92,6.325,16.704
01:15:00,38,1055,334,717.504,6.355,23.616
01:30:00,38,1052,330,725.664,6.315,15.744
01:45:00,38,1048,328,718.272,6.295,23.616
02:00:00,38,1050,332,743.376,6.335,16.128
02:15:00,38,1052,334,822.144,6.355,17.856
02:30:00,38,1055,331,805.848,6.325,26.496000000000002
02:45:00,38,1053,335,805.008,6.364,26.496000000000002
03:00:00,38,1049,330,823.368,6.315,27.071999999999996
03:15:00,38,1054,331,769.92,6.384,16.704
03:30:00,38,1052,332,769.92,6.394,16.704
03:45:00,38,1053,332,796.4639999999999,6.394,17.28
04:00:00,38,1054,333,769.92,6.404,16.704
04:15:00,38,1053,330,759.8879999999999,6.374,8.16
04:30:00,38,1051,331,742.008,6.384,7.968
04:45:00,38,1049,329,804.5999999999999,6.364,8.64
05:00:00,38,1053,331,814.1759999999999,6.384,17.664
05:15:00,38,1052,334,795.624,6.414,17.28
05:30:00,38,1054,331,814.1759999999999,6.384,17.664
05:45:00,38,1053,333,742.008,6.404,7.968
06:00:00,38,1052,332,750.96,6.394,8.064
06:15:00,38,1054,330,761.064,6.374,16.512
06:30:00,38,1055,331,762.072,6.384,25.056
06:45:00,38,1052,332,762.072,6.394,25.056
07:00:00,38,1050,331,761.064,6.384,16.512
07:15:00,38,1045,326,770.8320000000001,6.322,25.344
07:30:00,38,1047,330,778.776,6.361,16.896
07:45:00,38,1050,335,786.792,6.411,17.088
08:00:00,38,1053,332,779.568,6.381,25.632
08:15:00,38,1050,331,770.8320000000001,6.371,25.344
08:30:00,38,1053,330,770.8320000000001,6.361,25.344
08:45:00,38,1055,332,769.92,6.381,16.704
09:00:00,38,1055,334,769.104,6.401,16.704
09:15:00,38,1057,330,761.064,6.361,16.512
09:30:00,38,1055,331,752.208,6.371,16.32
09:45:00,38,1053,332,752.208,6.381,16.32
10:00:00,38,1050,331,761.064,6.371,16.512
10:15:00,38,1055,327,761.064,6.332,16.512
10:30:00,38,1053,329,761.064,6.351,16.512
10:45:00,38,1055,331,769.92,6.371,16.704
11:00:00,38,1051,330,761.064,6.361,16.512
11:15:00,38,1055,332,761.064,6.381,16.512
11:30:00,38,1051,331,761.064,6.371,16.512
11:45:00,38,1049,333,769.92,6.391,16.704
12:00:00,38,1050,332,761.064,6.381,16.512
12:15:00,38,1049,332,761.064,6.381,16.512
12:30:00,38,1048,333,762.072,6.391,25.056
12:45:00,38,1051,331,762.072,6.371,25.056
13:00:00,38,1053,330,753.312,6.361,24.768
13:15:00,38,1055,331,753.312,6.371,24.768
13:30:00,38,1054,332,753.312,6.381,24.768
13:45:00,38,1051,330,769.92,6.361,16.704
14:00:00,38,1053,332,761.064,6.381,16.512
14:15:00,38,1049,329,761.064,6.351,16.512
14:30:00,38,1051,330,752.208,6.361,16.32
14:45:00,38,1052,332,752.208,6.381,16.32
15:00:00,38,1050,331,761.064,6.371,16.512
15:15:00,38,1052,330,752.208,6.374,16.32
15:30:00,38,1053,329,761.064,6.364,16.512
15:45:00,38,1055,328,752.208,6.354,16.32
16:00:00,38,1054,328,761.064,6.354,16.512
16:15:00,38,1055,327,762.072,6.344,25.056
16:30:00,38,1058,329,762.072,6.364,25.056
16:45:00,38,1060,330,761.064,6.374,16.512
17:00:00,38,1055,328,761.064,6.354,16.512
17:15:00,38,1054,327,761.064,6.344,16.512
17:30:00,38,1058,328,761.064,6.354,16.512
17:45:00,38,1057,328,762.072,6.354,25.056
18:00:00,38,1055,327,762.072,6.344,25.056
18:15:00,38,1058,326,744.552,6.334,24.48
18:30:00,38,1056,328,761.064,6.354,16.512
18:45:00,38,1054,329,744.552,6.364,24.48
19:00:00,38,1057,325,770.7359999999999,6.324,16.704
19:15:00,38,1062,331,761.064,6.384,16.512
19:30:00,38,1061,329,761.064,6.364,16.512
19:45:00,38,1060,330,769.92,6.374,16.704
20:00:00,38,1059,332,761.064,6.394,16.512
20:15:00,38,1063,330,761.064,6.374,16.512
20:30:00,38,1060,334,769.104,6.414,16.704
20:45:00,38,1059,331,761.064,6.384,16.512
21:00:00,38,1060,332,778.776,6.394,16.896
21:15:00,38,1058,330,761.064,6.374,16.512
21:30:00,38,1059,333,752.208,6.404,16.32
21:45:00,38,1061,329,761.064,6.364,16.512
22:00:00,38,1061,331,752.208,6.384,16.32
22:15:00,38,1061,327,752.208,6.344,16.32
22:30:00,38,1059,330,761.064,6.374,16.512
22:45:00,38,1058,329,752.208,6.364,16.32
23:00:00,38,1059,331,767.592,6.371,16.32
23:15:00,38,1057,332,752.208,6.364,16.32
23:30:00,38,1052,329,761.064,6.335,16.512
23:45:00,38,1056,334,751.416,6.384,16.32
1900-01-02 00:00:00,38,1058,336,751.416,6.404,16.32
22/5/2021,,,,,,
00:15:00,38,1055,333,761.088,6.374,16.512
00:30:00,38,1053,331,761.064,6.355,16.512
00:45:00,38,1049,329,762.072,6.335,25.056
01:00:00,38,1051,332,752.208,6.364,16.32
01:15:00,38,1050,329,752.208,6.335,16.32
01:30:00,38,1048,327,752.208,6.315,16.32
01:45:00,38,1046,328,743.376,6.325,16.128
02:00:00,38,1049,327,750.96,6.315,8.064
02:15:00,38,1047,326,769.92,6.305,16.704
02:30:00,38,1045,327,769.92,6.315,16.704
02:45:00,38,1050,325,771.624,6.295,25.344
03:00:00,38,1049,328,770.8320000000001,6.325,25.344
03:15:00,38,1050,329,734.52,6.335,15.936
03:30:00,38,1053,331,734.52,6.354,15.936
03:45:00,38,1051,330,734.52,6.345,15.936
04:00:00,38,1055,327,725.664,6.315,15.744
04:15:00,38,1053,328,744.552,6.325,24.48
04:30:00,38,1051,327,743.376,6.315,16.128
04:45:00,38,1055,330,744.552,6.345,24.48
05:00:00,38,1050,327,753.312,6.315,24.768
05:15:00,38,1053,330,743.376,6.345,16.128
05:30:00,38,1055,331,743.376,6.354,16.128
05:45:00,38,1048,329,744.552,6.335,24.48
06:00:00,38,1049,332,744.552,6.364,24.48
06:15:00,38,1048,329,743.376,6.335,16.128
06:30:00,38,1049,330,752.208,6.345,16.32
06:45:00,38,1051,331,744.552,6.354,24.48
07:00:00,38,1050,329,743.376,6.335,16.128
07:15:00,38,1055,331,761.064,6.371,16.512
07:30:00,38,1058,334,742.584,6.401,16.128
07:45:00,38,1054,330,734.52,6.361,15.936
08:00:00,38,1056,335,769.104,6.411,16.704
08:15:00,38,1051,333,769.92,6.391,16.704
08:30:00,38,1055,337,742.584,6.431,16.128
08:45:00,38,1053,334,733.752,6.401,15.936
09:00:00,38,1050,330,761.064,6.361,16.512
09:15:00,38,1053,334,751.416,6.401,16.32
09:30:00,38,1051,331,761.064,6.371,16.512
09:45:00,38,1053,331,743.376,6.371,16.128
10:00:00,38,1052,329,769.92,6.351,16.704
10:15:00,38,1054,331,743.376,6.342,16.128
10:30:00,38,1057,336,760.272,6.391,16.512
10:45:00,38,1055,334,751.416,6.371,16.32
11:00:00,38,1059,337,751.416,6.401,16.32
11:15:00,38,1057,332,752.208,6.381,16.32
11:30:00,38,1059,334,751.416,6.401,16.32
11:45:00,38,1056,332,761.064,6.381,16.512
12:00:00,38,1057,335,742.584,6.411,16.128
12:15:00,38,1056,334,724.896,6.401,15.744
12:30:00,38,1057,333,725.664,6.391,15.744
12:45:00,38,1054,331,734.52,6.371,15.936
13:00:00,38,1053,332,725.664,6.381,15.744
13:15:00,38,1055,332,743.376,6.381,16.128
13:30:00,38,1051,336,751.416,6.421,16.32
13:45:00,38,1054,335,751.416,6.411,16.32
14:00:00,38,1056,333,761.064,6.391,16.512
14:15:00,38,1060,333,718.272,6.391,23.616
14:30:00,38,1054,334,726.264,6.401,23.904
14:45:00,38,1061,336,726.264,6.421,23.904
15:00:00,38,1060,334,717.504,6.401,23.616
15:15:00,38,1059,333,744.552,6.404,24.48
15:30:00,38,1061,329,735.792,6.364,24.192
15:45:00,38,1063,331,753.312,6.396,24.768
16:00:00,38,1060,332,744.552,6.406,24.48
16:15:00,38,1055,330,762.072,6.374,25.056
16:30:00,38,1050,330,744.552,6.374,24.48
16:45:00,38,1053,329,735.792,6.364,24.192
17:00:00,38,1049,326,735.792,6.334,24.192
17:15:00,38,1051,328,733.08,6.354,7.872
17:30:00,38,1050,329,733.08,6.364,7.872
17:45:00,38,1053,326,742.008,6.334,7.968
18:00:00,38,1051,327,734.52,6.344,15.936
18:15:00,38,1053,327,768.8399999999999,6.344,8.256
18:30:00,38,1055,327,768.8399999999999,6.344,8.256
18:45:00,38,1057,329,786.72,6.364,8.448
19:00:00,38,1057,329,786.72,6.364,8.448
19:15:00,38,1056,328,714.48,6.342,8.448
19:30:00,38,1056,328,713.76,6.342,9.216000000000001
19:45:00,38,1054,328,715.92,6.342,6.911999999999999
20:00:00,38,1054,328,716.64,6.342,6.144
20:15:00,38,1052,327,743.52,6.361,6.384
20:30:00,38,1052,327,752.472,6.361,6.456
20:45:00,38,1053,327,750.96,6.389,8.064
21:00:00,38,1053,327,750.96,6.389,8.064
21:15:00,38,1056,328,750.96,6.383,8.064
21:30:00,38,1055,328,752.208,6.383,16.32
21:45:00,38,1055,327,734.52,6.373,15.936
22:00:00,38,1054,327,750.96,6.373,8.064
22:15:00,38,1053,327,721.944,6.402,10.104
22:30:00,38,1054,329,738.264,6.422,11.952
22:45:00,38,1054,329,731.592,6.422,9.456
23:00:00,38,1053,329,733.08,6.422,7.872
23:15:00,38,1053,328,751.7040000000001,6.412,7.247999999999999
23:30:00,38,1055,328,761.424,6.412,6.5280000000000005
23:45:00,38,1055,329,743.52,6.393,6.384
1900-01-01 00:00:00,38,1054,329,751.7040000000001,6.393,7.247999999999999
23/5/2021,,,,,,
00:15:00,38,1053,327,724.896,6.373,7.007999999999999
00:30:00,38,1053,327,723.408,6.402,8.544
00:45:00,38,1056,331,729.36,6.442,11.808
01:00:00,38,1056,331,725.664,6.442,15.744
01:15:00,38,1054,329,734.52,6.422,15.936
01:30:00,38,1054,329,761.064,6.422,16.512
01:45:00,38,1053,328,744.8879999999999,6.412,14.52
02:00:00,38,1053,328,762.624,6.412,14.856
02:15:00,38,1056,329,740.52,6.422,9.552
02:30:00,38,1054,329,722.664,6.48,9.336
02:45:00,38,1050,328,750.96,6.455,8.064
03:00:00,38,1048,328,742.008,6.441,7.968
03:15:00,38,1050,330,742.008,6.432,7.968
03:30:00,38,1050,332,759.8879999999999,6.452,8.16
03:45:00,38,1048,332,750.96,6.452,8.064
04:00:00,38,1048,329,743.376,6.422,16.128
04:15:00,38,1050,329,742.008,6.422,7.968
04:30:00,38,1052,330,750.96,6.432,8.064
04:45:00,38,1052,330,724.128,6.432,7.776
05:00:00,38,1052,330,742.008,6.432,7.968
05:15:00,38,1048,330,734.52,6.419,15.936
05:30:00,38,1056,330,752.208,6.419,16.32
05:45:00,38,1049,330,743.376,6.419,16.128
06:00:00,38,1054,330,734.52,6.419,15.936
06:15:00,38,1052,335,724.896,6.469,15.744
06:30:00,38,1049,332,725.664,6.44,15.744
06:45:00,38,1054,338,716.064,6.499,15.552
07:00:00,38,1057,337,751.416,6.489,16.32
07:15:00,38,1055,332,743.376,6.44,16.128
07:30:00,38,1054,334,733.752,6.459,15.936
07:45:00,38,1052,336,733.752,6.479,15.936
08:00:00,38,1054,333,725.664,6.449,15.744
08:15:00,38,1056,334,724.896,6.459,15.744
08:30:00,38,1057,336,733.752,6.479,15.936
08:45:00,38,1054,334,733.752,6.459,15.936
09:00:00,38,1055,333,725.664,6.449,15.744
09:15:00,38,1052,335,741.24,6.469,7.968
09:30:00,38,1051,336,741.24,6.479,7.968
09:45:00,38,1054,338,732.312,6.499,7.872
10:00:00,38,1055,336,732.312,6.479,7.872
10:15:00,38,1060,340,741.24,6.519,7.968
10:30:00,38,1056,336,750.168,6.479,8.064
10:45:00,38,1053,338,724.896,6.499,15.744
11:00:00,38,1055,333,734.52,6.449,15.936
11:15:00,38,1056,332,759.8879999999999,6.427,8.16
11:30:00,38,1055,333,750.96,6.437,8.064
11:45:00,38,1058,336,759.096,6.467,8.16
12:00:00,38,1056,335,768.0239999999999,6.457,8.256
12:15:00,38,1057,338,724.896,6.486,15.744
12:30:00,38,1054,336,733.752,6.467,15.936
12:45:00,38,1056,335,733.752,6.457,15.936
13:00:00,38,1058,337,732.312,6.477,7.872
13:15:00,38,1056,335,741.24,6.457,7.968
13:30:00,38,1055,336,741.24,6.479,7.968
13:45:00,38,1056,333,733.08,6.449,7.872
14:00:00,38,1054,333,742.008,6.462,7.968
14:15:00,38,1057,338,733.752,6.512,15.936
14:30:00,38,1061,336,724.896,6.492,15.744
14:45:00,38,1058,332,725.664,6.452,15.744
15:00:00,38,1055,335,733.752,6.482,15.936
15:15:00,38,1054,332,725.664,6.452,15.744
15:30:00,38,1056,333,733.08,6.462,7.872
15:45:00,38,1053,334,741.24,6.472,7.968
16:00:00,38,1054,332,742.008,6.452,7.968
16:15:00,38,1058,331,734.52,6.442,15.936
16:30:00,38,1054,330,725.664,6.432,15.744
16:45:00,38,1056,333,725.664,6.462,15.744
17:00:00,38,1055,335,733.752,6.482,15.936
17:15:00,38,1058,337,733.752,6.502,15.936
17:30:00,38,1054,332,734.52,6.452,15.936
17:45:00,38,1056,335,724.896,6.482,15.744
18:00:00,38,1052,330,725.664,6.432,15.744
18:15:00,38,1053,332,742.008,6.497,7.968
18:30:00,38,1055,332,733.08,6.497,7.872
18:45:00,38,1052,330,750.96,6.477,8.064
19:00:00,38,1050,330,742.008,6.477,7.968
19:15:00,38,1050,331,724.128,6.487,7.776
19:30:00,38,1052,331,724.128,6.487,7.776
19:45:00,38,1052,330,733.08,6.477,7.872
20:00:00,38,1052,330,733.08,6.477,7.872
20:15:00,38,1055,330,733.08,6.477,7.872
20:30:00,38,1055,329,750.96,6.467,8.064
20:45:00,38,1054,329,742.008,6.467,7.968
21:00:00,38,1054,329,742.008,6.467,7.968
21:15:00,38,1056,330,742.008,6.477,7.968
21:30:00,38,1056,330,750.96,6.477,8.064
21:45:00,38,1056,330,733.08,6.477,7.872
22:00:00,38,1056,330,742.008,6.477,7.968
22:15:00,38,1056,329,734.52,6.467,15.936
22:30:00,38,1056,329,725.664,6.524,15.744
22:45:00,38,1055,329,734.52,6.524,15.936
23:00:00,38,1055,329,725.664,6.524,15.744
23:15:00,38,1056,330,715.2,6.477,7.68
23:30:00,38,1056,330,724.128,6.477,7.776
23:45:00,38,1048,333,724.128,6.507,7.776
1900-01-01 00:00:00,38,1055,328,715.2,6.457,7.68
24/5/2021,,,,,,
00:15:00,38,1056,330,742.0319999999999,6.477,7.968
00:30:00,38,1056,330,742.008,6.448,7.968
00:45:00,38,1055,330,733.08,6.448,7.872
01:00:00,38,1055,330,733.08,6.448,7.872
01:15:00,38,1056,329,750.96,6.438,8.064
01:30:00,38,1056,329,724.128,6.438,7.776
01:45:00,38,1055,329,742.008,6.438,7.968
02:00:00,38,1055,329,742.008,6.438,7.968
02:15:00,38,1052,330,733.08,6.477,7.872
02:30:00,38,1052,330,742.008,6.477,7.968
02:45:00,38,1052,330,742.008,6.477,7.968
03:00:00,38,1052,330,733.08,6.477,7.872
03:15:00,38,1054,330,724.128,6.477,7.776
03:30:00,38,1054,330,715.2,6.477,7.68
03:45:00,38,1054,330,733.08,6.477,7.872
04:00:00,38,1054,330,724.128,6.477,7.776
04:15:00,38,1054,330,750.96,6.506,8.064
04:30:00,38,1054,330,724.128,6.506,7.776
04:45:00,38,1054,330,750.96,6.506,8.064
05:00:00,38,1054,330,742.008,6.506,7.968
05:15:00,38,1056,329,733.08,6.495,7.872
05:30:00,38,1056,329,742.008,6.495,7.968
05:45:00,38,1056,329,742.008,6.495,7.968
06:00:00,38,1056,329,733.08,6.495,7.872
06:15:00,38,1059,326,733.08,6.465,7.872
06:30:00,38,1063,329,742.008,6.495,7.968
06:45:00,38,1060,332,742.008,6.526,7.968
07:00:00,38,1057,328,734.52,6.485,15.936
07:15:00,38,1062,330,716.808,6.506,15.552
07:30:00,38,1059,326,734.52,6.465,15.936
07:45:00,38,1055,334,724.896,6.546,15.744
08:00:00,38,1058,337,742.584,6.577,16.128
08:15:00,38,1056,335,733.752,6.556,15.936
08:30:00,38,1060,332,725.664,6.526,15.744
08:45:00,38,1056,334,724.896,6.546,15.744
09:00:00,38,1055,335,733.752,6.556,15.936
09:15:00,38,1056,334,716.064,6.546,15.552
09:30:00,38,1054,332,707.976,6.526,15.36
09:45:00,38,1057,335,716.064,6.556,15.552
10:00:00,38,1055,333,725.664,6.536,15.744
10:15:00,38,1054,336,733.752,6.553,15.936
10:30:00,38,1055,335,724.896,6.543,15.744
10:45:00,38,1057,334,733.752,6.533,15.936
11:00:00,38,1056,335,742.584,6.543,16.128
11:15:00,38,1055,334,732.312,6.533,7.872
11:30:00,38,1057,324,724.896,6.432,7.776
11:45:00,38,1061,331,733.08,6.503,7.872
12:00:00,38,1064,330,733.08,6.493,7.872
12:15:00,38,1061,330,724.128,6.493,7.776
12:30:00,38,1062,334,705.504,6.533,7.584
12:45:00,38,1057,335,705.504,6.543,7.584
13:00:00,38,1058,336,723.36,6.553,7.776
13:15:00,38,1065,334,723.36,6.533,7.776
13:30:00,38,1067,336,723.36,6.553,7.776
13:45:00,38,1063,332,734.52,6.513,15.936
14:00:00,38,1060,331,734.52,6.503,15.936
14:15:00,38,1059,330,725.664,6.506,15.744
14:30:00,38,1064,334,741.24,6.546,7.968
14:45:00,38,1067,332,724.128,6.526,7.776
15:00:00,38,1062,335,742.584,6.556,16.128
15:15:00,38,1061,336,707.232,6.566,15.36
15:30:00,38,1059,332,716.808,6.526,15.552
15:45:00,38,1060,333,716.808,6.536,15.552
16:00:00,38,1062,334,707.232,6.546,15.36
16:15:00,38,1064,330,733.08,6.518,7.872
16:30:00,38,1059,332,742.008,6.539,7.968
16:45:00,38,1060,336,724.896,6.579,15.744
17:00:00,38,1058,335,733.752,6.569,15.936
17:15:00,40,1004,335,795.624,7.042,17.28
17:30:00,40,1011,338,795.624,7.074,17.28
17:45:00,40,1013,336,783.4559999999999,7.052,30.240000000000002
18:00:00,40,1018,334,826.9680000000001,7.111,31.92
18:15:00,40,1020,340,809.1600000000001,7.23,22.080000000000002
18:30:00,40,1018,340,826.9680000000001,7.203,31.92
18:45:00,40,1012,338,799.5360000000001,7.127,22.704
19:00:00,40,1008,335,809.1600000000001,7.094,22.080000000000002
19:15:00,40,1008,335,809.1600000000001,7.094,22.080000000000002
19:30:00,40,1012,337,826.752,7.076,22.56
19:45:00,40,1012,337,804.4559999999999,7.076,17.472
20:00:00,40,1010,338,822.144,7.046,17.856
20:15:00,40,1010,338,804.4559999999999,7.046,17.472
20:30:00,40,1012,338,817.4639999999999,7.046,13.248000000000001
20:45:00,40,1012,338,826.3439999999999,7.046,13.392000000000001
21:00:00,40,1012,336,812.6880000000001,7.025,8.736
21:15:00,40,1012,335,817.4639999999999,7.014,13.248000000000001
21:30:00,40,1015,335,831,7.014,18.048000000000002
21:45:00,40,1015,335,804.4559999999999,7,17.472
22:00:00,40,1014,335,804.4559999999999,7,17.472
22:15:00,40,1014,335,803.7359999999999,7,8.64
22:30:00,40,1014,335,821.616,7,8.832
22:45:00,40,1014,335,812.6880000000001,7,8.736
23:00:00,40,1014,335,812.6880000000001,7,8.736
23:15:00,40,1014,335,795.624,7,17.28
23:30:00,40,1014,335,813.3119999999999,7,17.664
23:45:00,40,1014,335,799.6800000000001,7,12.96
1900-01-01 00:00:00,40,1014,335,808.5840000000001,7,13.104000000000001
25/5/2021,,,,,,
00:15:00,40,1016,335,795.648,7,17.28
00:30:00,40,1010,335,812.6880000000001,7,8.736
00:45:00,40,1012,335,817.4639999999999,7,13.248000000000001
01:00:00,40,1017,335,808.5840000000001,7,13.104000000000001
01:15:00,40,1017,335,831,7,18.048000000000002
01:30:00,40,1017,335,839.8320000000001,7,18.240000000000002
01:45:00,40,1016,335,826.3439999999999,7,13.392000000000001
02:00:00,40,1016,335,835.224,7,13.535999999999998
02:15:00,40,1016,335,830.5440000000001,7,8.928
02:30:00,40,1016,335,812.6880000000001,7,8.736
02:45:00,40,1016,335,817.4639999999999,7,13.248000000000001
03:00:00,40,1016,335,817.4639999999999,7,13.248000000000001
03:15:00,40,1016,335,822.144,7,17.856
03:30:00,40,1016,335,804.4559999999999,7,17.472
03:45:00,40,1016,335,813.3119999999999,7,17.664
04:00:00,40,1016,335,813.3119999999999,7,17.664
04:15:00,40,1014,335,813.3119999999999,7.027,17.664
04:30:00,40,1014,335,822.144,7.027,17.856
04:45:00,40,1014,335,804.4559999999999,7.027,17.472
05:00:00,40,1014,335,813.3119999999999,7.027,17.664
05:15:00,40,1014,335,813.3119999999999,7.027,17.664
05:30:00,40,1014,335,813.3119999999999,7.027,17.664
05:45:00,40,1014,335,804.4559999999999,7.027,17.472
06:00:00,40,1014,335,822.144,7.027,17.856
06:15:00,40,1012,338,821.616,7.086,8.832
06:30:00,40,1018,337,830.5440000000001,7.075,8.928
06:45:00,40,1017,335,830.5440000000001,7.053,8.928
07:00:00,40,1012,338,817.4639999999999,7.086,13.248000000000001
07:15:00,40,1009,337,817.4639999999999,7.075,13.248000000000001
07:30:00,40,1007,335,808.5840000000001,7.053,13.104000000000001
07:45:00,40,1012,338,822.144,7.086,17.856
08:00:00,40,1011,336,813.3119999999999,7.064,17.664
08:15:00,40,1017,339,804.4559999999999,7.083,17.472
08:30:00,40,1021,338,813.3119999999999,7.072,17.664
08:45:00,40,1021,339,813.3119999999999,7.083,17.664
09:00:00,40,1018,338,804.4559999999999,7.072,17.472
09:15:00,40,1019,338,803.7359999999999,7.032,8.64
09:30:00,40,1021,340,821.616,7.054,8.832
09:45:00,40,1024,339,812.6880000000001,7.043,8.736
10:00:00,40,1020,337,812.6880000000001,7.022,8.736
10:15:00,40,1021,333,796.4639999999999,6.925,17.28
10:30:00,40,1024,335,804.4559999999999,6.947,17.472
10:45:00,40,1023,340,804.4559999999999,7,17.472
11:00:00,40,1021,338,795.624,6.979,17.28
11:15:00,40,1025,340,769.104,7,16.704
11:30:00,40,1022,337,777.936,6.968,16.896
11:45:00,40,1020,335,769.104,6.947,16.704
12:00:00,40,1023,340,777.936,7,16.896
12:15:00,40,1021,338,813.3119999999999,7.032,17.664
12:30:00,40,1019,339,777.936,7.043,16.896
12:45:00,40,1022,340,795.624,7.054,17.28
13:00:00,40,1024,337,795.624,7.022,17.28
13:15:00,40,1026,334,813.3119999999999,6.936,17.664
13:30:00,40,1028,333,823.008,6.925,17.856
13:45:00,40,1026,335,822.144,6.947,17.856
14:00:00,40,1025,337,813.3119999999999,6.968,17.664
14:15:00,40,1021,336,795.624,6.957,17.28
14:30:00,40,1023,336,786.792,6.957,17.088
14:45:00,40,1018,338,804.4559999999999,6.979,17.472
15:00:00,40,1022,335,795.624,6.947,17.28
15:15:00,40,1024,334,813.3119999999999,6.936,17.664
15:30:00,40,1021,336,777.936,6.957,16.896
15:45:00,40,1019,331,787.608,6.904,17.088
16:00:00,40,1021,334,804.4559999999999,6.936,17.472
16:15:00,40,1026,336,804.4559999999999,6.957,17.472
16:30:00,40,1021,334,786.792,6.936,17.088
16:45:00,40,1017,331,796.4639999999999,6.904,17.28
17:00:00,40,1022,332,796.4639999999999,6.915,17.28
17:15:00,40,1025,332,796.4639999999999,6.928,17.28
17:30:00,40,1028,339,795.624,7.003,17.28
17:45:00,40,1024,335,800.4479999999999,6.96,17.088
18:00:00,40,1027,337,818.424,6.982,17.472
18:15:00,40,1021,337,769.104,6.914,16.704
18:30:00,40,1021,337,786.792,6.914,17.088
18:45:00,40,1021,337,777.936,6.914,16.896
19:00:00,40,1021,337,777.936,6.914,16.896
19:15:00,40,1018,337,799.6800000000001,6.995,12.96
19:30:00,40,1018,337,808.5840000000001,6.995,13.104000000000001
19:45:00,40,1018,337,786.792,6.995,17.088
20:00:00,40,1018,337,795.624,6.995,17.28
20:15:00,40,1018,336,786.792,6.984,17.088
20:30:00,40,1016,336,804.4559999999999,6.984,17.472
20:45:00,40,1016,335,795.624,6.947,17.28
21:00:00,40,1016,335,795.624,6.947,17.28
21:15:00,40,1016,335,795.624,6.947,17.28
21:30:00,40,1016,335,786.792,6.947,17.088
21:45:00,40,1016,335,786.792,6.947,17.088
22:00:00,40,1016,335,795.624,6.947,17.28
22:15:00,40,1016,332,787.608,6.888,17.088
22:30:00,40,1016,332,805.3199999999999,6.888,17.472
22:45:00,40,1016,332,796.4639999999999,6.888,17.28
23:00:00,40,1016,332,796.4639999999999,6.888,17.28
23:15:00,40,1015,332,796.4639999999999,6.888,17.28
23:30:00,40,1015,332,796.4639999999999,6.888,17.28
23:45:00,40,1015,332,787.608,6.888,17.088
1900-01-01 00:00:00,40,1015,332,805.3199999999999,6.888,17.472
26/5/2021,,,,,,
00:15:00,40,1015,332,796.4879999999999,6.888,17.28
00:30:00,40,1015,332,805.3199999999999,6.888,17.472
00:45:00,40,1015,332,787.608,6.888,17.088
01:00:00,40,1015,332,796.4639999999999,6.888,17.28
01:15:00,40,1015,332,796.4639999999999,6.888,17.28
01:30:00,40,1015,332,787.608,6.888,17.088
01:45:00,40,1015,332,805.3199999999999,6.901,17.472
02:00:00,40,1015,332,787.608,6.901,17.088
02:15:00,40,1015,332,805.3199999999999,6.901,17.472
02:30:00,40,1015,332,796.4639999999999,6.901,17.28
02:45:00,40,1015,332,814.1759999999999,6.901,17.664
03:00:00,40,1015,332,796.4639999999999,6.901,17.28
03:15:00,40,1016,336,795.624,6.984,17.28
03:30:00,40,1016,336,804.4559999999999,6.984,17.472
03:45:00,40,1016,336,786.792,6.984,17.088
04:00:00,40,1016,336,795.624,6.984,17.28
04:15:00,40,1016,336,790.8000000000001,6.984,12.816
04:30:00,40,1016,336,790.8000000000001,6.984,12.816
04:45:00,40,1016,336,786.792,6.984,17.088
05:00:00,40,1016,336,786.792,6.984,17.088
05:15:00,40,1014,334,777.936,6.989,16.896
05:30:00,40,1014,334,795.624,6.989,17.28
05:45:00,40,1014,334,786.792,6.989,17.088
06:00:00,40,1014,334,786.792,6.989,17.088
06:15:00,40,1016,335,804.4559999999999,7,17.472
06:30:00,40,1013,331,814.1759999999999,6.957,17.664
06:45:00,40,1015,333,796.4639999999999,6.979,17.28
07:00:00,40,1017,336,804.4559999999999,7.011,17.472
07:15:00,40,1021,338,795.624,7.032,17.28
07:30:00,40,1019,335,786.7679999999999,7,17.088
07:45:00,40,1023,337,795.624,7.022,17.28
08:00:00,40,1021,334,804.4559999999999,6.989,17.472
08:15:00,40,1023,330,786.72,6.946,8.448
08:30:00,40,1018,333,795.648,6.979,8.544
08:45:00,40,1021,334,777.936,6.989,16.896
09:00:00,40,1023,337,777.936,7.022,16.896
09:15:00,40,1019,339,777.936,7.043,16.896
09:30:00,40,1017,334,786.792,6.989,17.088
09:45:00,40,1022,335,804.4559999999999,7,17.472
10:00:00,40,1023,336,795.624,7.011,17.28
10:15:00,40,1024,336,786.792,6.997,17.088
10:30:00,40,1019,337,795.648,7.008,17.28
10:45:00,40,1024,336,777.96,6.997,16.896
11:00:00,40,1022,337,786.792,7.008,17.088
11:15:00,40,1025,336,803.7359999999999,6.997,8.64
11:30:00,40,1027,334,803.7359999999999,6.976,8.64
11:45:00,40,1024,338,812.6880000000001,7.019,8.736
12:00:00,40,1021,335,802.848,6.987,8.544
12:15:00,40,1024,338,776.952,7.019,8.352
12:30:00,40,1026,336,785.8799999999999,6.997,8.448
12:45:00,40,1023,334,785.8799999999999,6.976,8.448
13:00:00,40,1022,336,776.952,6.997,8.352
13:15:00,40,1023,331,772.44,6.957,16.896
13:30:00,40,1020,339,780.4080000000001,7.043,17.088
13:45:00,40,1019,332,781.224,6.968,17.088
14:00:00,40,1016,334,780.336,6.989,8.448
14:15:00,40,1017,336,763.752,7.011,25.344
14:30:00,40,1021,337,772.44,7.022,25.632
14:45:00,40,1024,335,772.44,7,16.896
15:00:00,40,1019,336,771.624,7.011,16.896
15:15:00,40,1021,338,780.4080000000001,7.032,17.088
15:30:00,40,1025,339,771.624,7.043,16.896
15:45:00,40,1028,340,772.44,7.054,25.632
16:00:00,40,1026,338,755.064,7.032,25.056
16:15:00,40,1026,340,804.4559999999999,7.054,17.472
16:30:00,40,1029,338,821.616,7.032,8.832
16:45:00,40,1026,337,821.616,7.022,8.832
17:00:00,40,1024,334,812.6880000000001,6.989,8.736
17:15:00,40,1023,335,776.952,7,8.352
17:30:00,40,1021,337,768.0239999999999,7.022,8.256
17:45:00,40,1024,330,783.2640000000001,6.946,16.704
18:00:00,40,1025,331,774.2640000000001,6.957,16.512
18:15:00,40,1021,334,769.104,6.936,16.704
18:30:00,40,1021,334,777.936,6.936,16.896
18:45:00,40,1020,334,760.272,6.936,16.512
19:00:00,40,1020,334,769.104,6.936,16.704
19:15:00,40,1020,332,763.656,6.941,16.704
19:30:00,40,1020,332,781.224,6.941,17.088
19:45:00,40,1020,332,772.44,6.994,16.896
20:00:00,40,1020,332,772.44,6.994,16.896
20:15:00,40,1020,334,790.008,6.963,17.28
20:30:00,40,1020,334,781.224,6.989,17.088
20:45:00,40,1020,334,772.44,6.989,16.896
21:00:00,40,1020,334,781.224,6.989,17.088
21:15:00,40,1020,334,772.44,6.989,16.896
21:30:00,40,1020,334,781.224,6.989,17.088
21:45:00,40,1020,334,763.656,6.989,16.704
22:00:00,40,1020,334,772.44,6.989,16.896
22:15:00,40,1017,336,771.624,7.038,16.896
22:30:00,40,1017,336,762.864,7.038,16.704
22:45:00,40,1017,336,780.4080000000001,7.038,17.088
23:00:00,40,1017,336,771.624,7.038,16.896
23:15:00,40,1017,336,762.864,7.038,16.704
23:30:00,40,1017,336,771.624,7.038,16.896
23:45:00,40,1017,336,754.08,7.038,16.512
1900-01-01 00:00:00,40,1017,336,762.864,7.038,16.704
27/5/2021,,,,,,
00:15:00,40,1018,337,754.08,7.022,16.512
00:30:00,40,1018,337,780.4080000000001,7.022,17.088
00:45:00,40,1018,337,771.624,6.995,16.896
01:00:00,40,1018,337,771.624,6.995,16.896
01:15:00,40,1018,337,771.624,6.995,16.896
01:30:00,40,1018,337,771.624,6.995,16.896
01:45:00,40,1018,337,762.864,6.995,16.704
02:00:00,40,1018,337,780.4080000000001,6.995,17.088
02:15:00,40,1016,337,780.4080000000001,6.995,17.088
02:30:00,40,1016,337,762.864,6.995,16.704
02:45:00,40,1016,337,771.624,6.995,16.896
03:00:00,40,1016,337,771.624,6.995,16.896
03:15:00,40,1016,337,762.864,7.022,16.704
03:30:00,40,1016,337,780.4080000000001,7.022,17.088
03:45:00,40,1016,337,771.624,7.022,16.896
04:00:00,40,1016,337,771.624,7.022,16.896
04:15:00,40,1015,336,780.4080000000001,7.011,17.088
04:30:00,40,1015,336,771.624,7.011,16.896
04:45:00,40,1015,336,771.624,7.011,16.896
05:00:00,40,1015,336,780.4080000000001,7.011,17.088
05:15:00,40,1015,336,762.864,7.011,16.704
05:30:00,40,1015,336,762.864,7.011,16.704
05:45:00,40,1015,336,771.624,7.011,16.896
06:00:00,40,1015,336,771.624,7.011,16.896
06:15:00,40,1020,339,780.4080000000001,7.043,17.088
06:30:00,40,1018,340,797.928,7.054,17.472
06:45:00,40,1021,335,790.008,7,17.28
07:00:00,40,1024,338,797.208,7.032,8.64
07:15:00,40,1023,334,780.336,7.016,8.448
07:30:00,40,1021,338,762.864,7.059,16.704
07:45:00,40,1023,336,762.864,7.038,16.704
08:00:00,40,1020,334,772.44,7.016,16.896
08:15:00,40,1024,336,764.4000000000001,7.064,16.704
08:30:00,40,1023,337,773.208,7.075,16.896
08:45:00,40,1021,338,764.4000000000001,7.086,16.704
09:00:00,40,1022,337,773.208,7.075,16.896
09:15:00,40,1024,330,774.0239999999999,6.999,16.896
09:30:00,40,1025,330,774.0239999999999,6.999,16.896
09:45:00,40,1024,335,764.4000000000001,7.053,16.704
10:00:00,40,1025,335,764.4000000000001,7.053,16.704
10:15:00,40,1025,335,764.4000000000001,7.053,16.704
10:30:00,40,1023,337,773.208,7.075,16.896
10:45:00,40,1020,338,773.208,7.086,16.896
11:00:00,40,1021,335,764.4000000000001,7.053,16.704
11:15:00,40,1026,339,764.4000000000001,7.083,16.704
11:30:00,40,1024,335,773.208,7.04,16.896
11:45:00,40,1025,333,773.0160000000001,7.018,8.352
12:00:00,40,1022,337,781.08,7.061,8.448
12:15:00,40,1021,338,746.832,7.072,16.32
12:30:00,40,1019,336,746.832,7.05,16.32
12:45:00,40,1021,339,754.4639999999999,7.083,8.16
13:00:00,40,1023,337,754.4639999999999,7.061,8.16
13:15:00,40,1021,336,772.1999999999999,7.05,8.352
13:30:00,40,1019,333,781.92,7.018,8.448
13:45:00,40,1023,335,781.08,7.04,8.448
14:00:00,40,1025,338,764.4000000000001,7.086,16.704
14:15:00,40,1027,337,773.208,7.075,16.896
14:30:00,40,1022,336,763.344,7.064,8.256
14:45:00,40,1020,332,773.0160000000001,7.021,8.352
15:00:00,40,1027,335,764.4000000000001,7.053,16.704
15:15:00,40,1025,333,774.0239999999999,7.031,16.896
15:30:00,40,1023,334,782.808,7.042,17.088
15:45:00,40,1026,337,764.4000000000001,7.075,16.704
16:00:00,40,1027,338,773.208,7.086,16.896
16:15:00,40,1026,336,773.208,7.064,16.896
16:30:00,40,1028,337,764.4000000000001,7.075,16.704
16:45:00,40,1027,334,765.216,7.042,16.704
17:00:00,40,1028,340,773.208,7.107,16.896
17:15:00,40,1027,338,755.616,7.086,16.512
17:30:00,40,1024,336,764.4000000000001,7.064,16.704
17:45:00,40,1025,336,755.616,7.064,16.512
18:00:00,40,1023,334,756.432,7.042,16.512
18:15:00,40,1023,336,746.832,7.091,16.32
18:30:00,40,1020,336,755.616,7.091,16.512
18:45:00,40,1022,338,746.832,7.112,16.32
19:00:00,40,1022,338,746.832,7.112,16.32
19:15:00,40,1020,334,756.432,7.069,16.512
19:30:00,40,1018,334,774.0239999999999,7.069,16.896
19:45:00,40,1018,334,765.216,7.069,16.704
20:00:00,40,1018,334,774.0239999999999,7.069,16.896
20:15:00,40,1015,336,755.616,7.064,16.512
20:30:00,40,1015,336,764.4000000000001,7.064,16.704
20:45:00,40,1016,336,746.832,7.05,16.32
21:00:00,40,1016,336,755.616,7.05,16.512
21:15:00,40,1016,336,773.208,7.05,16.896
21:30:00,40,1018,336,764.4000000000001,7.05,16.704
21:45:00,40,1018,336,764.4000000000001,7.05,16.704
22:00:00,40,1018,336,764.4000000000001,7.05,16.704
22:15:00,40,1018,336,755.616,7.09,16.512
22:30:00,40,1017,336,764.4000000000001,7.09,16.704
22:45:00,40,1017,336,746.832,7.103,16.32
23:00:00,40,1017,336,755.616,7.103,16.512
23:15:00,40,1018,334,765.216,7.081,16.704
23:30:00,40,1018,334,774.0239999999999,7.081,16.896
23:45:00,40,1016,334,756.432,7.081,16.512
1900-01-01 00:00:00,40,1016,334,765.216,7.081,16.704
28/5/2021,,,,,,
00:15:00,40,1018,334,765.216,7.055,16.704
00:30:00,40,1018,335,781.992,7.066,17.088
00:45:00,40,1015,335,773.208,7.066,16.896
01:00:00,40,1015,335,773.208,7.066,16.896
01:15:00,40,1016,336,755.616,7.103,16.512
01:30:00,40,1016,336,764.4000000000001,7.103,16.704
01:45:00,40,1018,336,746.832,7.103,16.32
02:00:00,40,1018,336,755.616,7.103,16.512
02:15:00,40,1020,336,764.4000000000001,7.103,16.704
02:30:00,40,1020,336,773.208,7.103,16.896
02:45:00,40,1018,336,773.208,7.103,16.896
03:00:00,40,1018,336,764.4000000000001,7.103,16.704
03:15:00,40,1018,335,755.616,7.092,16.512
03:30:00,40,1018,335,746.832,7.092,16.32
03:45:00,40,1020,335,773.208,7.092,16.896
04:00:00,40,1020,335,755.616,7.092,16.512
04:15:00,40,1017,332,756.432,7.087,16.512
04:30:00,40,1017,332,765.216,7.087,16.704
04:45:00,40,1015,332,756.432,7.087,16.512
05:00:00,40,1015,332,756.432,7.087,16.512
05:15:00,40,1015,334,782.808,7.095,17.088
05:30:00,40,1018,334,765.216,7.095,16.704
05:45:00,40,1018,334,774.0239999999999,7.095,16.896
06:00:00,40,1018,334,774.0239999999999,7.095,16.896
06:15:00,40,1015,333,774.0239999999999,7.084,16.896
06:30:00,40,1018,338,773.208,7.139,16.896
06:45:00,40,1017,335,764.4000000000001,7.106,16.704
07:00:00,40,1020,337,781.992,7.128,17.088
07:15:00,40,1019,336,773.208,7.131,16.896
07:30:00,40,1023,338,764.4000000000001,7.153,16.704
07:45:00,40,1025,335,764.4000000000001,7.12,16.704
08:00:00,40,1022,337,773.208,7.142,16.896
08:15:00,40,1024,338,773.208,7.153,16.896
08:30:00,40,1026,336,772.1999999999999,7.131,8.352
08:45:00,40,1023,339,772.1999999999999,7.164,8.352
09:00:00,40,1028,337,781.08,7.142,8.448
09:15:00,40,1026,335,781.992,7.12,17.088
09:30:00,40,1021,332,782.808,7.087,17.088
09:45:00,40,1019,336,790.776,7.131,17.28
10:00:00,40,1023,337,790.776,7.142,17.28
10:15:00,40,1024,338,738.048,7.139,16.128
10:30:00,40,1026,339,729.264,7.15,15.936
10:45:00,40,1025,336,729.264,7.117,15.936
11:00:00,40,1027,336,720.48,7.117,15.744
11:15:00,40,1027,337,764.4000000000001,7.128,16.704
11:30:00,40,1026,334,774.0239999999999,7.095,16.896
11:45:00,40,1028,337,764.4000000000001,7.128,16.704
12:00:00,40,1024,336,772.1999999999999,7.117,8.352
12:15:00,40,1029,338,746.832,7.125,16.32
12:30:00,40,1026,335,746.832,7.092,16.32
12:45:00,40,1030,338,754.4639999999999,7.125,8.16
13:00:00,40,1028,336,763.344,7.103,8.256
13:15:00,40,1034,335,754.4639999999999,7.092,8.16
13:30:00,40,1030,338,754.4639999999999,7.125,8.16
13:45:00,40,1031,339,754.4639999999999,7.136,8.16
14:00:00,40,1029,337,746.832,7.114,16.32
14:15:00,40,1030,337,764.4000000000001,7.114,16.704
14:30:00,40,1031,336,773.208,7.103,16.896
14:45:00,40,1027,335,772.1999999999999,7.092,8.352
15:00:00,40,1028,334,781.92,7.081,8.448
15:15:00,40,1026,331,755.2560000000001,7.062,8.16
15:30:00,40,1029,334,764.136,7.095,8.256
15:45:00,40,1028,330,738.84,7.051,16.128
16:00:00,40,1031,335,746.832,7.106,16.32
16:15:00,40,1032,337,763.344,7.128,8.256
16:30:00,40,1028,334,773.0160000000001,7.095,8.352
16:45:00,40,1027,333,764.136,7.084,8.256
17:00:00,40,1026,334,756.432,7.095,16.512
17:15:00,40,1030,336,755.616,7.117,16.512
17:30:00,40,1034,338,764.4000000000001,7.165,16.704
17:45:00,40,1031,335,755.616,7.132,16.512
18:00:00,40,1035,337,755.616,7.154,16.512
18:15:00,40,1032,336,781.992,7.143,17.088
18:30:00,40,1030,335,746.832,7.132,16.32
18:45:00,40,1028,335,764.4000000000001,7.106,16.704
19:00:00,40,1032,335,764.4000000000001,7.106,16.704
19:15:00,40,1028,330,765.216,7.077,16.704
19:30:00,40,1028,330,774.0239999999999,7.077,16.896
19:45:00,40,1025,330,765.216,7.077,16.704
20:00:00,40,1025,330,774.0239999999999,7.077,16.896
20:15:00,40,1025,332,800.4000000000001,7.125,17.472
20:30:00,40,1024,332,809.208,7.125,17.664
20:45:00,40,1024,332,791.616,7.125,17.28
21:00:00,40,1024,332,800.4000000000001,7.125,17.472
21:15:00,40,1020,332,747.624,7.125,16.32
21:30:00,40,1020,334,730.0319999999999,7.147,15.936
21:45:00,40,1020,330,782.808,7.103,17.088
22:00:00,40,1020,332,747.624,7.125,16.32
22:15:00,40,1020,332,738.84,7.099,16.128
22:30:00,40,1022,332,721.248,7.099,15.744
22:45:00,40,1022,330,721.248,7.077,15.744
23:00:00,40,1022,330,712.4399999999999,7.077,15.552
23:15:00,40,1020,330,721.248,7.051,15.744
23:30:00,40,1020,330,738.84,7.051,16.128
23:45:00,40,1018,332,738.84,7.073,16.128
1900-01-01 00:00:00,40,1018,332,756.432,7.073,16.512
29/5/2021,,,,,,
00:15:00,40,1018,332,756.432,7.073,16.512
00:30:00,40,1020,332,738.84,7.099,16.128
00:45:00,40,1020,330,747.624,7.077,16.32
01:00:00,40,1022,330,747.624,7.077,16.32
01:15:00,40,1022,326,748.416,7.033,16.32
01:30:00,40,1022,326,766.0319999999999,7.033,16.704
01:45:00,40,1020,326,757.2239999999999,7.007,16.512
02:00:00,40,1020,326,757.2239999999999,7.007,16.512
02:15:00,40,1020,324,748.416,6.985,16.32
02:30:00,40,1020,324,766.0319999999999,7.011,16.704
02:45:00,40,1018,324,757.2239999999999,7.036,16.512
03:00:00,40,1018,324,757.2239999999999,7.036,16.512
03:15:00,40,1018,324,757.2239999999999,7.036,16.512
03:30:00,40,1022,324,766.0319999999999,7.036,16.704
03:45:00,40,1022,324,748.416,7.01,16.32
04:00:00,40,1022,324,757.2239999999999,7.01,16.512
04:15:00,40,1022,325,757.2239999999999,7.034,16.512
04:30:00,40,1021,325,748.416,7.034,16.32
04:45:00,40,1021,328,738.84,7.067,16.128
05:00:00,40,1020,328,765.216,7.067,16.704
05:15:00,40,1020,328,747.624,7.067,16.32
05:30:00,40,1020,328,738.84,7.067,16.128
05:45:00,40,1022,330,765.216,7.063,16.704
06:00:00,40,1022,330,756.432,7.063,16.512
06:15:00,40,1025,328,730.0319999999999,7.041,15.936
06:30:00,40,1023,325,721.992,7.008,15.744
06:45:00,40,1020,327,730.0319999999999,7.03,15.936
07:00:00,40,1022,326,721.992,7.019,15.744
07:15:00,40,1026,329,756.432,7.052,16.512
07:30:00,40,1024,327,756.432,7.03,16.512
07:45:00,40,1027,330,747.624,7.063,16.32
08:00:00,40,1028,328,747.624,7.041,16.32
08:15:00,40,1025,325,774.8399999999999,7.008,16.512
08:30:00,40,1027,325,783.648,7.008,16.704
08:45:00,40,1028,328,782.808,7.041,16.704
09:00:00,40,1027,328,774.0239999999999,7.041,16.512
09:15:00,40,1025,325,766.0319999999999,7.008,16.704
09:30:00,40,1026,325,774.8399999999999,7.008,16.896
09:45:00,40,1027,328,756.432,7.041,16.512
10:00:00,40,1029,330,765.216,7.063,16.704
10:15:00,40,1030,328,774.0239999999999,7.041,16.896
10:30:00,40,1027,325,766.0319999999999,7.008,16.704
10:45:00,40,1029,328,756.432,7.041,16.512
11:00:00,40,1030,329,774.0239999999999,7.052,16.896
11:15:00,40,1029,328,721.248,7.041,15.744
11:30:00,40,1027,328,721.248,7.041,15.744
11:45:00,40,1026,325,730.8,7.008,15.936
12:00:00,40,1027,327,728.592,7.03,7.872
12:15:00,40,1031,329,737.496,7.052,7.968
12:30:00,40,1029,327,747.624,7.03,16.32
12:45:00,40,1025,327,738.84,7.03,16.128
13:00:00,40,1027,330,774.0239999999999,7.063,16.896
13:15:00,40,1029,325,748.416,7.008,16.32
13:30:00,40,1031,328,738.84,7.041,16.128
13:45:00,40,1028,325,757.2239999999999,7.008,16.512
14:00:00,40,1027,327,747.624,7.03,16.32
14:15:00,40,1025,328,756.432,7.041,16.512
14:30:00,40,1023,325,748.416,7.008,16.32
14:45:00,40,1027,328,738.84,7.041,16.128
15:00:00,40,1030,329,747.624,7.052,16.32
15:15:00,40,1025,325,739.608,7.008,16.128
15:30:00,40,1027,323,748.416,6.986,16.32
15:45:00,40,1023,320,747.168,6.953,8.064
16:00:00,40,1024,322,747.168,6.975,8.064
16:15:00,40,1025,320,748.416,6.991,16.32
16:30:00,40,1024,318,758.016,6.969,16.512
16:45:00,40,1025,325,739.608,7.035,16.128
17:00:00,40,1023,320,748.416,7.005,16.32
17:15:00,40,1021,325,748.416,7.061,16.32
17:30:00,40,1024,325,739.608,7.061,16.128
17:45:00,40,1025,328,764.136,7.095,8.256
18:00:00,40,1023,326,756.048,7.072,8.16
18:15:00,40,1022,326,738.264,7.084,7.968
18:30:00,40,1022,322,747.168,7.039,8.064
18:45:00,40,1024,322,721.992,7.014,15.744
19:00:00,40,1024,322,730.8,7.014,15.936
19:15:00,40,1024,322,739.608,7.014,16.128
19:30:00,40,1024,322,730.8,7.014,15.936
19:45:00,40,1025,320,748.416,6.991,16.32
20:00:00,40,1023,320,739.608,7.017,16.128
20:15:00,40,1023,322,748.416,7.014,16.32
20:30:00,40,1020,322,757.2239999999999,7.014,16.512
20:45:00,40,1020,322,747.168,6.988,8.064
21:00:00,40,1020,322,739.608,6.988,16.128
21:15:00,40,1022,322,739.608,6.988,16.128
21:30:00,40,1022,324,757.2239999999999,7.01,16.512
21:45:00,40,1022,324,739.608,7.01,16.128
22:00:00,40,1022,324,748.416,7.01,16.32
22:15:00,40,1022,322,738.264,6.988,7.968
22:30:00,40,1022,322,747.168,6.988,8.064
22:45:00,40,1020,320,721.992,6.991,15.744
23:00:00,40,1020,320,730.8,6.991,15.936
23:15:00,40,1020,320,748.416,6.991,16.32
23:30:00,40,1020,320,739.608,6.991,16.128
23:45:00,40,1018,322,757.2239999999999,7.039,16.512
1900-01-01 00:00:00,40,1018,322,748.416,7.039,16.32
30/5/2021,,,,,,
00:15:00,40,1018,322,739.608,7.026,16.128
00:30:00,40,1020,322,748.416,7.026,16.32
00:45:00,40,1020,322,739.608,7.026,16.128
01:00:00,40,1020,322,748.416,7.026,16.32
01:15:00,40,1020,322,739.608,7.026,16.128
01:30:00,40,1020,322,748.416,7.026,16.32
01:45:00,40,1022,320,730.8,6.978,15.936
02:00:00,40,1022,320,739.608,6.927,16.128
02:15:00,40,1022,320,730.8,6.927,15.936
02:30:00,40,1020,320,748.416,6.978,16.32
02:45:00,40,1020,322,739.608,7.026,16.128
03:00:00,40,1018,322,739.608,7.026,16.128
03:15:00,40,1018,322,748.416,7.026,16.32
03:30:00,40,1018,322,739.608,7,16.128
03:45:00,40,1020,322,748.416,7,16.32
04:00:00,40,1020,322,730.8,7,15.936
04:15:00,40,1022,327,721.248,7.056,15.744
04:30:00,40,1022,327,756.432,7.056,16.512
04:45:00,40,1022,325,739.608,7.059,16.128
05:00:00,40,1022,325,739.608,7.059,16.128
05:15:00,40,1022,325,757.2239999999999,7.059,16.512
05:30:00,40,1022,325,766.0319999999999,7.059,16.704
05:45:00,40,1024,327,747.624,7.056,16.32
06:00:00,40,1024,327,756.432,7.056,16.512
06:15:00,40,1025,325,730.8,7.034,15.936
06:30:00,40,1023,323,739.608,7.011,16.128
06:45:00,40,1023,322,739.608,7,16.128
07:00:00,40,1024,323,730.8,7.011,15.936
07:15:00,40,1025,325,757.2239999999999,7.034,16.512
07:30:00,40,1027,327,765.216,7.056,16.704
07:45:00,40,1025,327,764.136,7.056,8.256
08:00:00,40,1024,325,764.952,7.034,8.256
08:15:00,40,1025,326,729.36,7.045,7.872
08:30:00,40,1024,323,738.264,7.011,7.968
08:45:00,40,1022,323,730.8,7.011,15.936
09:00:00,40,1025,324,721.992,7.023,15.744
09:15:00,40,1024,325,730.8,7.047,15.936
09:30:00,40,1022,324,730.8,7.05,15.936
09:45:00,40,1024,327,738.84,7.083,16.128
10:00:00,40,1025,327,738.84,7.083,16.128
10:15:00,40,1024,326,739.608,7.058,16.128
10:30:00,40,1024,324,730.8,7.036,15.936
10:45:00,40,1025,326,739.608,7.045,16.128
11:00:00,40,1024,323,748.416,7.011,16.32
11:15:00,40,1026,326,748.416,7.045,16.32
11:30:00,40,1027,326,730.8,7.045,15.936
11:45:00,40,1029,324,739.608,7.023,16.128
12:00:00,40,1027,325,739.608,7.034,16.128
12:15:00,40,1029,326,739.608,7.045,16.128
12:30:00,40,1026,322,748.416,7,16.32
12:45:00,40,1028,324,748.416,7.023,16.32
13:00:00,40,1028,326,739.608,7.045,16.128
13:15:00,40,1030,326,739.608,7.045,16.128
13:30:00,40,1029,324,730.8,7.023,15.936
13:45:00,40,1029,324,739.608,7.023,16.128
14:00:00,40,1026,323,730.8,7.011,15.936
14:15:00,40,1025,326,748.416,7.045,16.32
14:30:00,40,1028,324,766.0319999999999,7.023,16.704
14:45:00,40,1030,325,748.416,7.034,16.32
15:00:00,40,1027,326,730.8,7.045,15.936
15:15:00,40,1030,327,730.0319999999999,7.056,15.936
15:30:00,40,1033,327,721.248,7.056,15.744
15:45:00,40,1031,325,721.992,7.034,15.744
16:00:00,40,1033,324,730.8,7.023,15.936
16:15:00,40,1031,326,739.608,7.045,16.128
16:30:00,40,1029,324,748.416,7.023,16.32
16:45:00,40,1031,325,739.608,7.034,16.128
17:00:00,40,1033,326,739.608,7.045,16.128
17:15:00,40,1039,336,746.832,7.169,16.32
17:30:00,40,1035,334,765.216,7.147,16.704
17:45:00,40,1033,332,730.0319999999999,7.125,15.936
18:00:00,40,1036,335,746.832,7.158,16.32
18:15:00,40,1032,330,730.0319999999999,7.129,15.936
18:30:00,40,1032,330,721.248,7.129,15.744
18:45:00,40,1028,328,712.4399999999999,7.106,15.552
19:00:00,40,1028,328,721.248,7.106,15.744
19:15:00,40,1028,328,730.0319999999999,7.106,15.936
19:30:00,40,1028,328,738.84,7.106,16.128
19:45:00,40,1026,325,721.992,7.047,15.744
20:00:00,40,1026,325,730.8,7.047,15.936
20:15:00,40,1028,325,739.608,7.047,16.128
20:30:00,40,1028,325,748.416,7.047,16.32
20:45:00,40,1030,327,730.0319999999999,7.07,15.936
21:00:00,40,1030,327,738.84,7.07,16.128
21:15:00,40,1030,327,730.0319999999999,7.07,15.936
21:30:00,40,1030,327,721.248,7.07,15.744
21:45:00,40,1027,327,738.84,7.095,16.128
22:00:00,40,1027,327,730.0319999999999,7.095,15.936
22:15:00,40,1020,327,721.248,7.095,15.744
22:30:00,40,1036,327,747.624,7.095,16.32
22:45:00,40,1030,327,747.624,7.095,16.32
23:00:00,40,1030,327,738.84,7.095,16.128
23:15:00,40,1028,327,730.0319999999999,7.07,15.936
23:30:00,40,1028,327,738.84,7.095,16.128
23:45:00,40,1028,327,721.248,7.095,15.744
1900-01-01 00:00:00,40,1028,327,730.0319999999999,7.095,15.936
31/5/2021,,,,,,
00:15:00,40,1028,327,730.0319999999999,7.095,15.936
00:30:00,40,1028,325,713.208,7.047,15.552
00:45:00,40,1028,325,748.416,7.047,16.32
01:00:00,40,1028,325,730.8,7.047,15.936
01:15:00,40,1027,325,730.8,7.047,15.936
01:30:00,40,1027,325,730.8,7.047,15.936
01:45:00,40,1027,324,721.992,7.049,15.744
02:00:00,40,1027,324,739.608,6.985,16.128
02:15:00,40,1027,324,730.8,6.985,15.936
02:30:00,40,1028,324,748.416,7.036,16.32
02:45:00,40,1028,324,713.208,7.036,15.552
03:00:00,40,1028,324,730.8,7.036,15.936
03:15:00,40,1028,324,713.208,7.036,15.552
03:30:00,40,1028,324,730.8,7.062,15.936
03:45:00,40,1015,326,739.608,7.084,16.128
04:00:00,40,1015,326,721.992,7.084,15.744
04:15:00,40,1025,327,738.84,7.07,16.128
04:30:00,40,1025,327,747.624,7.07,16.32
04:45:00,40,1028,330,730.0319999999999,7.077,15.936
05:00:00,40,1028,330,738.84,7.077,16.128
05:15:00,40,1026,330,738.84,7.117,16.128
05:30:00,40,1026,330,747.624,7.117,16.32
05:45:00,40,1026,330,730.0319999999999,7.143,15.936
06:00:00,40,1026,330,738.84,7.143,16.128
06:15:00,40,1028,330,747.624,7.143,16.32
06:30:00,40,1026,326,739.608,7.098,16.128
06:45:00,40,1028,328,756.432,7.12,16.512
07:00:00,40,1026,326,748.416,7.098,16.32
07:15:00,40,1028,330,738.84,7.129,16.128
07:30:00,40,1026,326,721.992,7.084,15.744
07:45:00,40,1028,330,747.624,7.129,16.32
08:00:00,40,1030,328,738.84,7.106,16.128
08:15:00,40,1031,332,738.84,7.151,16.128
08:30:00,40,1032,335,738.048,7.184,16.128
08:45:00,40,1028,332,730.0319999999999,7.151,15.936
09:00:00,40,1030,334,747.624,7.173,16.32
09:15:00,40,1028,334,730.0319999999999,7.173,15.936
09:30:00,40,1030,336,738.048,7.195,16.128
09:45:00,40,1031,336,720.48,7.195,15.744
10:00:00,40,1029,335,729.264,7.184,15.936
10:15:00,40,1021,330,730.0319999999999,7.115,15.936
10:30:00,42,1018,328,800.928,7.362,26.496000000000002
10:45:00,42,1015,326,836.1120000000001,7.339,9.024000000000001
11:00:00,42,1012,325,844.992,7.327,9.120000000000001
11:15:00,42,1008,322,840.7439999999999,7.292,13.68
11:30:00,42,1010,325,845.28,7.327,18.432000000000002
11:45:00,42,1006,322,836.472,7.332,18.240000000000002
12:00:00,42,1005,323,836.472,7.344,18.240000000000002
12:15:00,42,1000,320,801.792,7.334,26.496000000000002
12:30:00,42,995,321,801.792,7.346,26.496000000000002
12:45:00,42,998,322,818.856,7.357,17.856
13:00:00,42,996,320,816.4080000000001,7.334,17.856
13:15:00,42,998,321,816.4080000000001,7.346,17.856
13:30:00,42,1002,322,816.4080000000001,7.357,17.856
13:45:00,42,1004,324,825.192,7.381,18.048000000000002
14:00:00,42,999,321,816.4080000000001,7.346,17.856
14:15:00,42,997,324,825.192,7.381,18.048000000000002
14:30:00,42,994,325,825.192,7.392,18.048000000000002
14:45:00,42,996,325,807.648,7.392,17.664
15:00:00,42,995,324,816.4080000000001,7.381,17.856
15:15:00,42,1001,325,816.4080000000001,7.407,17.856
15:30:00,42,998,322,807.648,7.372,17.664
15:45:00,42,996,325,825.192,7.407,18.048000000000002
16:00:00,42,997,323,816.4080000000001,7.383,17.856
16:15:00,42,996,323,807.648,7.383,17.664
16:30:00,42,991,321,816.4080000000001,7.36,17.856
16:45:00,42,995,322,816.4080000000001,7.372,17.856
17:00:00,42,997,325,807.648,7.407,17.664
17:15:00,42,990,322,807.648,7.372,17.664
17:30:00,42,988,321,816.4080000000001,7.36,17.856
17:45:00,42,992,325,816.4080000000001,7.421,17.856
18:00:00,42,994,325,807.648,7.421,17.664
18:15:00,42,992,328,806.784,7.456,17.664
18:30:00,42,992,328,815.568,7.456,17.856
18:45:00,42,990,330,798.0239999999999,7.479,17.472
19:00:00,42,990,330,806.784,7.479,17.664
19:15:00,42,990,330,815.568,7.519,17.856
19:30:00,42,992,330,824.328,7.519,18.048000000000002
19:45:00,42,992,330,806.784,7.519,17.664
20:00:00,42,992,330,815.568,7.519,17.856
20:15:00,42,990,330,798.0239999999999,7.559,17.472
20:30:00,42,988,330,833.0880000000001,7.544,18.240000000000002
20:45:00,42,988,330,802.6800000000001,7.544,22.080000000000002
21:00:00,42,986,330,820.1279999999999,7.544,22.56
21:15:00,42,986,330,815.568,7.544,17.856
21:30:00,42,988,330,824.328,7.544,18.048000000000002
21:45:00,42,988,330,806.784,7.544,17.664
22:00:00,42,988,330,815.568,7.544,17.856
22:15:00,42,986,330,828.528,7.544,13.535999999999998
22:30:00,42,986,330,810.9119999999999,7.505,13.248000000000001
22:45:00,42,985,330,815.568,7.505,17.856
23:00:00,42,985,330,815.568,7.505,17.856
23:15:00,42,985,330,815.568,7.505,17.856
23:30:00,42,985,330,806.784,7.505,17.664
23:45:00,42,986,330,824.328,7.544,18.048000000000002
1900-01-01 00:00:00,42,986,330,815.568,7.544,17.856
1/6/2021,,,,,,
00:15:00,42,986,328,815.5440000000001,7.521,17.856
00:30:00,42,984,328,815.568,7.521,17.856
00:45:00,42,984,328,833.0880000000001,7.56,18.240000000000002
01:00:00,42,984,328,824.328,7.56,18.048000000000002
01:15:00,42,984,328,815.568,7.56,17.856
01:30:00,42,984,328,824.328,7.56,18.048000000000002
01:45:00,42,986,328,806.784,7.521,17.664
02:00:00,42,986,328,815.568,7.521,17.856
02:15:00,42,986,328,806.784,7.521,17.664
02:30:00,42,984,330,798.0239999999999,7.584,17.472
02:45:00,42,984,330,815.568,7.584,17.856
03:00:00,42,984,330,806.784,7.583,17.664
03:15:00,42,984,330,815.568,7.583,17.856
03:30:00,42,986,330,824.328,7.583,18.048000000000002
03:45:00,42,986,330,806.784,7.583,17.664
04:00:00,42,986,330,815.568,7.583,17.856
04:15:00,42,984,330,815.568,7.583,17.856
04:30:00,42,984,330,824.328,7.623,18.048000000000002
04:45:00,42,982,330,815.568,7.623,17.856
05:00:00,42,982,330,806.784,7.623,17.664
05:15:00,42,982,330,798.0239999999999,7.623,17.472
05:30:00,42,982,330,815.568,7.623,17.856
05:45:00,42,982,330,806.784,7.583,17.664
06:00:00,42,982,330,806.784,7.583,17.664
06:15:00,42,985,327,824.328,7.548,18.048000000000002
06:30:00,42,988,328,815.568,7.56,17.856
06:45:00,42,984,325,842.76,7.524,18.432000000000002
07:00:00,42,987,328,824.328,7.56,18.048000000000002
07:15:00,42,985,328,815.568,7.56,17.856
07:30:00,42,985,325,807.648,7.524,17.664
07:45:00,42,984,325,807.648,7.524,17.664
08:00:00,42,982,328,815.568,7.56,17.856
08:15:00,42,985,330,815.568,7.569,17.856
08:30:00,42,984,326,824.328,7.522,18.048000000000002
08:45:00,42,986,327,824.328,7.534,18.048000000000002
09:00:00,42,988,329,815.568,7.557,17.856
09:15:00,42,985,328,815.904,7.545,27.071999999999996
09:30:00,42,987,330,815.568,7.569,17.856
09:45:00,42,985,326,806.784,7.522,17.664
10:00:00,42,987,327,807.24,7.534,26.784000000000002
10:15:00,42,990,329,815.568,7.557,17.856
10:30:00,42,986,326,806.784,7.522,17.664
10:45:00,42,985,328,824.328,7.545,18.048000000000002
11:00:00,42,988,327,817.992,7.534,17.856
11:15:00,42,990,328,809.208,7.545,17.664
11:30:00,42,986,326,810.048,7.522,17.664
11:45:00,42,985,325,827.664,7.51,18.048000000000002
12:00:00,42,988,328,817.992,7.545,17.856
12:15:00,42,990,329,817.992,7.557,17.856
12:30:00,42,985,327,809.208,7.534,17.664
12:45:00,42,984,325,818.856,7.51,17.856
13:00:00,42,987,328,809.208,7.545,17.664
13:15:00,42,988,328,817.992,7.545,17.856
13:30:00,42,992,326,810.048,7.522,17.664
13:45:00,42,987,325,818.856,7.51,17.856
14:00:00,42,990,328,826.776,7.545,18.048000000000002
14:15:00,42,995,330,826.776,7.569,18.048000000000002
14:30:00,42,993,325,801.24,7.51,17.472
14:45:00,42,995,328,817.992,7.545,17.856
15:00:00,42,996,327,809.208,7.534,17.664
15:15:00,42,995,326,801.24,7.536,17.472
15:30:00,42,991,327,809.208,7.548,17.664
15:45:00,42,994,325,810.048,7.524,17.664
16:00:00,42,992,327,817.992,7.548,17.856
16:15:00,42,995,328,800.4000000000001,7.56,17.472
16:30:00,42,994,325,810.048,7.524,17.664
16:45:00,42,992,327,809.208,7.548,17.664
17:00:00,42,994,325,818.856,7.524,17.856
17:15:00,42,998,329,800.4000000000001,7.572,17.472
17:30:00,42,994,327,800.4000000000001,7.548,17.472
17:45:00,42,991,325,810.048,7.524,17.664
18:00:00,42,995,328,817.992,7.56,17.856
18:15:00,42,992,328,800.4000000000001,7.56,17.472
18:30:00,42,992,328,791.616,7.599,17.28
18:45:00,42,990,330,809.208,7.623,17.664
19:00:00,42,990,330,800.4000000000001,7.623,17.472
19:15:00,42,990,330,791.616,7.623,17.28
19:30:00,42,990,330,809.208,7.623,17.664
19:45:00,42,988,330,826.776,7.623,18.048000000000002
20:00:00,42,988,330,809.208,7.623,17.664
20:15:00,42,988,330,809.208,7.623,17.664
20:30:00,42,988,330,809.208,7.623,17.664
20:45:00,42,990,330,817.992,7.583,17.856
21:00:00,42,990,330,800.4000000000001,7.583,17.472
21:15:00,42,990,330,809.208,7.583,17.664
21:30:00,42,992,330,800.4000000000001,7.583,17.472
21:45:00,42,992,330,817.992,7.544,17.856
22:00:00,42,992,330,809.208,7.544,17.664
22:15:00,42,990,330,800.4000000000001,7.544,17.472
22:30:00,42,990,330,817.992,7.544,17.856
22:45:00,42,988,330,800.4000000000001,7.544,17.472
23:00:00,42,988,330,800.4000000000001,7.544,17.472
23:15:00,42,986,330,817.992,7.583,17.856
23:30:00,42,986,330,800.4000000000001,7.583,17.472
23:45:00,42,985,327,809.208,7.548,17.664
1900-01-01 00:00:00,42,985,327,809.208,7.548,17.664
2/6/2021,,,,,,
00:15:00,42,985,327,815.5440000000001,7.548,17.856
00:30:00,42,988,327,806.784,7.548,17.664
00:45:00,42,983,327,824.328,7.548,18.048000000000002
01:00:00,42,990,327,798.0239999999999,7.548,17.472
01:15:00,42,990,327,815.568,7.548,17.856
01:30:00,42,988,327,824.328,7.548,18.048000000000002
01:45:00,42,988,327,806.784,7.587,17.664
02:00:00,42,986,327,815.568,7.587,17.856
02:15:00,42,986,327,815.568,7.587,17.856
02:30:00,42,986,328,806.784,7.599,17.664
02:45:00,42,986,328,806.784,7.599,17.664
03:00:00,42,986,328,815.568,7.599,17.856
03:15:00,42,986,328,789.24,7.599,17.28
03:30:00,42,988,328,798.0239999999999,7.599,17.472
03:45:00,42,988,328,798.0239999999999,7.56,17.472
04:00:00,42,988,328,789.24,7.56,17.28
04:15:00,42,988,328,798.0239999999999,7.56,17.472
04:30:00,42,988,328,798.0239999999999,7.56,17.472
04:45:00,42,986,328,789.24,7.599,17.28
05:00:00,42,986,328,789.24,7.599,17.28
05:15:00,42,985,330,806.784,7.637,17.664
05:30:00,42,985,330,815.568,7.637,17.856
05:45:00,42,984,330,798.0239999999999,7.637,17.472
06:00:00,42,984,330,806.784,7.637,17.664
06:15:00,42,988,330,815.568,7.637,17.856
06:30:00,42,986,333,805.9440000000001,7.673,17.664
06:45:00,42,984,330,798.0239999999999,7.637,17.472
07:00:00,42,987,332,824.328,7.661,18.048000000000002
07:15:00,42,986,330,806.784,7.637,17.664
07:30:00,42,984,328,824.328,7.613,18.048000000000002
07:45:00,42,988,326,815.568,7.59,17.856
08:00:00,42,986,328,806.784,7.613,17.664
08:15:00,42,988,329,817.992,7.611,17.856
08:30:00,42,986,326,827.664,7.575,18.048000000000002
08:45:00,42,984,325,818.856,7.563,17.856
09:00:00,42,985,328,809.208,7.599,17.664
09:15:00,42,986,325,792.432,7.563,17.28
09:30:00,42,990,330,791.616,7.623,17.28
09:45:00,42,992,326,801.24,7.575,17.472
10:00:00,42,988,327,791.616,7.587,17.28
10:15:00,42,994,327,800.4000000000001,7.587,17.472
10:30:00,42,990,325,810.048,7.563,17.664
10:45:00,42,992,327,800.4000000000001,7.587,17.472
11:00:00,42,993,328,800.4000000000001,7.599,17.472
11:15:00,42,994,328,800.4000000000001,7.599,17.472
11:30:00,42,992,326,792.432,7.575,17.28
11:45:00,42,993,328,800.4000000000001,7.599,17.472
12:00:00,42,992,326,801.24,7.575,17.472
12:15:00,42,992,328,791.616,7.599,17.28
12:30:00,42,987,325,801.24,7.563,17.472
12:45:00,42,985,326,792.432,7.575,17.28
13:00:00,42,988,327,800.4000000000001,7.587,17.472
13:15:00,42,990,328,809.208,7.599,17.664
13:30:00,42,992,329,800.4000000000001,7.611,17.472
13:45:00,42,991,328,800.4000000000001,7.599,17.472
14:00:00,42,990,326,801.24,7.575,17.472
14:15:00,42,994,328,800.4000000000001,7.599,17.472
14:30:00,42,992,326,792.432,7.575,17.28
14:45:00,42,989,325,792.432,7.563,17.28
15:00:00,42,989,326,801.24,7.575,17.472
15:15:00,42,990,328,791.616,7.599,17.28
15:30:00,42,985,327,791.616,7.587,17.28
15:45:00,42,986,325,801.24,7.563,17.472
16:00:00,42,988,327,800.4000000000001,7.587,17.472
16:15:00,42,990,326,801.24,7.59,17.472
16:30:00,42,985,324,792.432,7.566,17.28
16:45:00,42,987,325,810.048,7.578,17.664
17:00:00,42,988,325,801.24,7.578,17.472
17:15:00,42,987,327,800.4000000000001,7.602,17.472
17:30:00,42,982,324,810.048,7.566,17.664
17:45:00,42,985,324,792.432,7.566,17.28
18:00:00,42,988,326,810.048,7.59,17.664
18:15:00,42,988,326,792.432,7.59,17.28
18:30:00,42,986,326,801.24,7.59,17.472
18:45:00,42,986,326,792.432,7.59,17.28
19:00:00,42,986,326,792.432,7.59,17.28
19:15:00,42,986,326,792.432,7.59,17.28
19:30:00,42,986,326,801.24,7.59,17.472
19:45:00,42,985,326,792.432,7.59,17.28
20:00:00,42,985,326,801.24,7.59,17.472
20:15:00,42,985,326,801.24,7.59,17.472
20:30:00,42,985,327,791.616,7.602,17.28
20:45:00,42,986,327,791.616,7.563,17.28
21:00:00,42,986,327,800.4000000000001,7.563,17.472
21:15:00,42,988,327,800.4000000000001,7.563,17.472
21:30:00,42,988,327,800.4000000000001,7.563,17.472
21:45:00,42,988,327,791.616,7.563,17.28
22:00:00,42,988,327,809.208,7.563,17.664
22:15:00,42,988,327,791.616,7.563,17.28
22:30:00,42,988,327,782.808,7.563,17.088
22:45:00,42,986,327,800.4000000000001,7.582,17.472
23:00:00,42,986,327,791.616,7.582,17.28
23:15:00,42,986,326,810.048,7.575,17.664
23:30:00,42,986,326,818.856,7.575,17.856
23:45:00,42,986,325,801.24,7.602,17.472
1900-01-01 00:00:00,42,986,325,810.048,7.602,17.664
3/6/2021,,,,,,
00:15:00,42,986,325,789.24,7.602,17.28
00:30:00,42,986,325,790.08,7.602,17.28
00:45:00,42,988,326,798.0239999999999,7.575,17.472
01:00:00,42,988,326,789.24,7.575,17.28
01:15:00,42,988,326,789.24,7.575,17.28
01:30:00,42,986,326,798.0239999999999,7.575,17.472
01:45:00,42,986,325,790.08,7.582,17.28
02:00:00,42,985,325,790.08,7.582,17.28
02:15:00,42,985,326,789.24,7.594,17.28
02:30:00,42,985,326,798.0239999999999,7.594,17.472
02:45:00,42,986,326,789.24,7.575,17.28
03:00:00,42,986,326,780.48,7.575,17.088
03:15:00,42,986,326,780.48,7.575,17.088
03:30:00,42,986,326,789.24,7.575,17.28
03:45:00,42,988,325,798.864,7.524,17.472
04:00:00,42,988,325,790.08,7.524,17.28
04:15:00,42,985,325,781.296,7.524,17.088
04:30:00,42,985,325,790.08,7.524,17.28
04:45:00,42,984,325,798.864,7.524,17.472
05:00:00,42,984,325,781.296,7.524,17.088
05:15:00,42,982,328,789.24,7.599,17.28
05:30:00,42,982,328,780.48,7.599,17.088
05:45:00,42,982,328,798.0239999999999,7.599,17.472
06:00:00,42,982,328,780.48,7.599,17.088
06:15:00,42,984,325,807.648,7.563,17.664
06:30:00,42,985,328,806.784,7.599,17.664
06:45:00,42,982,325,816.4080000000001,7.563,17.856
07:00:00,42,985,328,806.784,7.599,17.664
07:15:00,42,988,328,789.24,7.599,17.28
07:30:00,42,984,325,781.296,7.563,17.088
07:45:00,42,986,326,780.48,7.575,17.088
08:00:00,42,985,325,790.08,7.563,17.28
08:15:00,42,988,325,792.432,7.563,17.28
08:30:00,42,985,325,783.648,7.563,17.088
08:45:00,42,986,328,791.616,7.599,17.28
09:00:00,42,988,328,800.4000000000001,7.599,17.472
09:15:00,42,985,328,782.808,7.599,17.088
09:30:00,42,983,325,792.432,7.563,17.28
09:45:00,42,985,328,774.0239999999999,7.599,16.896
10:00:00,42,986,325,783.648,7.563,17.088
10:15:00,42,990,329,791.616,7.611,17.28
10:30:00,42,985,325,783.648,7.563,17.088
10:45:00,42,986,328,782.808,7.599,17.088
11:00:00,42,988,325,792.432,7.563,17.28
11:15:00,42,986,326,792.432,7.56,17.28
11:30:00,42,988,325,783.648,7.549,17.088
11:45:00,42,985,325,792.432,7.549,17.28
12:00:00,42,988,328,800.4000000000001,7.584,17.472
12:15:00,42,993,327,782.808,7.572,17.088
12:30:00,42,990,325,792.432,7.549,17.28
12:45:00,42,987,328,774.0239999999999,7.584,16.896
13:00:00,42,990,327,782.808,7.572,17.088
13:15:00,42,990,330,800.4000000000001,7.623,17.472
13:30:00,42,985,325,783.648,7.563,17.088
13:45:00,42,987,326,783.648,7.575,17.088
14:00:00,42,986,328,791.616,7.599,17.28
14:15:00,42,984,325,783.648,7.563,17.088
14:30:00,42,982,326,792.432,7.575,17.28
14:45:00,42,985,325,792.432,7.563,17.28
15:00:00,42,988,327,782.808,7.587,17.088
15:15:00,42,990,328,791.616,7.599,17.28
15:30:00,42,985,325,783.648,7.563,17.088
15:45:00,42,988,326,783.648,7.575,17.088
16:00:00,42,990,326,792.432,7.575,17.28
16:15:00,42,988,330,774.0239999999999,7.623,16.896
16:30:00,42,985,325,783.648,7.563,17.088
16:45:00,42,984,328,791.616,7.599,17.28
17:00:00,42,987,326,783.648,7.575,17.088
17:15:00,42,989,327,791.616,7.587,17.28
17:30:00,42,990,325,783.648,7.563,17.088
17:45:00,42,986,325,801.24,7.563,17.472
18:00:00,42,987,328,791.616,7.599,17.28
18:15:00,42,986,328,774.0239999999999,7.599,16.896
18:30:00,42,985,328,774.0239999999999,7.56,16.896
18:45:00,42,985,325,783.648,7.524,17.088
19:00:00,42,985,325,783.648,7.524,17.088
19:15:00,42,985,325,783.648,7.563,17.088
19:30:00,42,985,325,792.432,7.563,17.28
19:45:00,42,984,324,783.648,7.604,17.088
20:00:00,42,984,324,783.648,7.604,17.088
20:15:00,42,985,324,774.8399999999999,7.604,16.896
20:30:00,42,990,325,810.048,7.616,17.664
20:45:00,42,984,324,766.0319999999999,7.604,16.704
21:00:00,42,987,324,810.048,7.604,17.664
21:15:00,42,987,324,792.432,7.604,17.28
21:30:00,42,988,324,774.8399999999999,7.604,16.896
21:45:00,42,988,325,783.648,7.578,17.088
22:00:00,42,986,325,774.8399999999999,7.578,16.896
22:15:00,42,986,323,792.432,7.554,17.28
22:30:00,42,986,325,774.8399999999999,7.578,16.896
22:45:00,42,988,324,783.648,7.585,17.088
23:00:00,42,988,324,783.648,7.585,17.088
23:15:00,42,986,322,774.8399999999999,7.561,16.896
23:30:00,42,986,322,792.432,7.58,17.28
23:45:00,42,985,322,783.648,7.58,17.088
1900-01-01 00:00:00,42,985,322,783.648,7.599,17.088
4/6/2021,,,,,,
00:15:00,42,985,322,772.5120000000001,7.599,16.896
00:30:00,42,985,324,781.296,7.624,17.088
00:45:00,42,986,324,790.08,7.585,17.28
01:00:00,42,986,324,772.5360000000001,7.585,16.896
01:15:00,42,986,324,781.296,7.585,17.088
01:30:00,42,985,324,763.752,7.585,16.704
01:45:00,42,985,322,772.5360000000001,7.58,16.896
02:00:00,42,984,322,772.5360000000001,7.58,16.896
02:15:00,42,984,322,763.752,7.58,16.704
02:30:00,42,984,322,781.296,7.58,17.088
02:45:00,42,986,324,772.5360000000001,7.585,16.896
03:00:00,42,986,324,772.5360000000001,7.585,16.896
03:15:00,42,986,324,763.752,7.585,16.704
03:30:00,42,988,324,763.752,7.585,16.704
03:45:00,42,988,322,772.5360000000001,7.58,16.896
04:00:00,42,988,322,772.5360000000001,7.58,16.896
04:15:00,42,986,324,772.5360000000001,7.604,16.896
04:30:00,42,986,324,763.752,7.604,16.704
04:45:00,42,985,326,789.24,7.652,17.28
05:00:00,42,985,326,780.48,7.652,17.088
05:15:00,42,985,326,771.72,7.652,16.896
05:30:00,42,984,326,780.48,7.652,17.088
05:45:00,42,984,328,762.936,7.638,16.704
06:00:00,42,982,328,771.72,7.638,16.896
06:15:00,42,986,329,780.48,7.649,17.088
06:30:00,42,984,325,781.296,7.602,17.088
06:45:00,42,984,324,790.08,7.59,17.28
07:00:00,42,986,327,789.24,7.626,17.28
07:15:00,42,988,325,772.5360000000001,7.602,16.896
07:30:00,42,987,328,780.48,7.638,17.088
07:45:00,42,984,326,780.48,7.614,17.088
08:00:00,42,986,328,771.72,7.638,16.896
08:15:00,42,984,325,766.0319999999999,7.602,16.704
08:30:00,42,986,328,765.216,7.638,16.704
08:45:00,42,988,326,757.2239999999999,7.614,16.512
09:00:00,42,987,328,765.216,7.638,16.704
09:15:00,,,,,,
09:30:00,,,,,,
09:45:00,,,,,,
10:00:00,,,,,,
10:15:00,,,,,,
10:30:00,,,,,,
10:45:00,,,,,,
11:00:00,,,,,,
11:15:00,,,,,,
11:30:00,,,,,,
11:45:00,,,,,,
12:00:00,,,,,,
12:15:00,,,,,,
12:30:00,,,,,,
12:45:00,,,,,,
13:00:00,,,,,,
13:15:00,,,,,,
13:30:00,,,,,,
13:45:00,,,,,,
14:00:00,,,,,,
14:15:00,,,,,,
14:30:00,,,,,,
14:45:00,,,,,,
15:00:00,,,,,,
15:15:00,,,,,,
15:30:00,,,,,,
15:45:00,,,,,,
16:00:00,,,,,,
16:15:00,,,,,,
16:30:00,,,,,,
16:45:00,,,,,,
17:00:00,,,,,,
17:15:00,,,,,,
17:30:00,,,,,,
17:45:00,,,,,,
18:00:00,,,,,,
18:15:00,,,,,,
18:30:00,,,,,,
18:45:00,,,,,,
19:00:00,,,,,,
19:15:00,,,,,,
19:30:00,,,,,,
19:45:00,,,,,,
20:00:00,,,,,,
20:15:00,,,,,,
20:30:00,,,,,,
20:45:00,,,,,,
21:00:00,,,,,,
21:15:00,,,,,,
21:30:00,,,,,,
21:45:00,,,,,,
22:00:00,,,,,,
22:15:00,,,,,,
22:30:00,,,,,,
22:45:00,,,,,,
23:00:00,,,,,,
23:15:00,,,,,,
23:30:00,,,,,,
23:45:00,,,,,,
1900-01-01 00:00:00,,,,,,
,,,,,,
,,,,,,
,,,,,,
,,,,,,
,,,,,,
,,,,,,
,,,,,,
,,,,,,
,,,,,,
,,,,,,
,,,,,,
,,,,,,
,,,,,,
,,,,,,
,,,,,,
,,,,,,
,,,,,,
,,,,,,
,,,,,,
,,,,,,
,,,,,,
,,,,,,
,,,,,,
,,,,,,
,,,,,,
,,,,,,
,,,,,,
,,,,,,
,,,,,,
,,,,,,
,,,,,,
,,,,,,
,,,,,,
,,,,,,
,,,,,,
,,,,,,
,,,,,,
,,,,,,
,,,,,,
,,,,,,
,,,,,,
,,,,,,
,,,,,,
,,,,,,
,,,,,,
,,,,,,
,,,,,,
,,,,,,
,,,,,,
,,,,,,
,,,,,,
,,,,,,
,,,,,,
,,,,,,
,,,,,,
,,,,,,
,,,,,,
,,,,,,
,,,,,,
,,,,,,
,,,,,,
,,,,,,
,,,,,,
,,,,,,
,,,,,,
,,,,,,
,,,,,,
,,,,,,
,,,,,,
,,,,,,
,,,,,,
,,,,,,
,,,,,,
,,,,,,
,,,,,,
,,,,,,
,,,,,,
,,,,,,
,,,,,,
,,,,,,
,,,,,,
,,,,,,
,,,,,,
,,,,,,
,,,,,,
,,,,,,
,,,,,,
,,,,,,
,,,,,,
,,,,,,
,,,,,,
,,,,,,
,,,,,,
,,,,,,
,,,,,,
,,,,,,
,,,,,,
,,,,,,
,,,,,,
,,,,,,
,,,,,,
,,,,,,
,,,,,,
,,,,,,
,,,,,,
,,,,,,
,,,,,,
,,,,,,
,,,,,,
,,,,,,
,,,,,,
,,,,,,
,,,,,,
,,,,,,
,,,,,,
,,,,,,
,,,,,,
,,,,,,
,,,,,,
,,,,,,
,,,,,,
,,,,,,
,,,,,,
,,,,,,
,,,,,,
,,,,,,
,,,,,,
,,,,,,
,,,,,,
,,,,,,
,,,,,,
,,,,,,
,,,,,,
,,,,,,
,,,,,,
,,,,,,
,,,,,,
,,,,,,
,,,,,,
,,,,,,
,,,,,,
,,,,,,
,,,,,,
,,,,,,
,,,,,,
,,,,,,
,,,,,,
,,,,,,
,,,,,,
,,,,,,
,,,,,,
,,,,,,
,,,,,,
,,,,,,
,,,,,,
,,,,,,
,,,,,,
,,,,,,
,,,,,,
,,,,,,
,,,,,,
,,,,,,
,,,,,,
,,,,,,
,,,,,,
,,,,,,
,,,,,,
,,,,,,
,,,,,,
,,,,,,
,,,,,,
,,,,,,
,,,,,,
,,,,,,
,,,,,,
,,,,,,
,,,,,,
,,,,,,
,,,,,,
,,,,,,
,,,,,,
,,,,,,
,,,,,,
,,,,,,
,,,,,,
,,,,,,
,,,,,,
,,,,,,
,,,,,,
,,,,,,
,,,,,,
,,,,,,
,,,,,,
,,,,,,
,,,,,,
